Rk,Player,Tm,FantPos,Age,G,GS,Cmp,Att,Yds,TD,Int,Att,Yds,Y/A,TD,Tgt,Rec,Yds,Y/R,TD,Fmb,FL,TD,2PM,2PP,FantPt,PPR,DKPt,FDPt,VBD,PosRank,OvRank,-9999
1,Patrick Mahomes*+,KAN,QB,27,17,17,435,648,5250,41,12,61,358,5.87,4,1,1,6,6,0,5,0,4,1,2,416,417.4,435.4,428.9,136,1,1,MahoPa00
2,Josh Jacobs*+,LVR,RB,24,17,17,0,0,0,0,0,340,1653,4.86,12,64,53,400,7.55,0,3,1,12,,,275,328.3,335.3,301.8,127,1,2,JacoJo01
3,Christian McCaffrey*,2TM,RB,26,17,16,1,1,34,1,0,244,1139,4.67,8,108,85,741,8.72,5,1,0,13,,,271,356.4,362.4,313.9,123,2,3,McCaCh01
4,Derrick Henry*,TEN,RB,28,16,16,2,2,4,1,0,349,1538,4.41,13,41,33,398,12.06,0,6,3,13,,,270,302.8,311.8,286.3,122,3,4,HenrDe00
5,Justin Jefferson*+,MIN,WR,23,17,17,2,2,34,0,0,4,24,6,1,184,128,1809,14.13,8,0,0,9,1,,241,368.7,371.7,304.7,119,1,5,JeffJu00
6,Austin Ekeler,LAC,RB,27,17,17,0,0,0,0,0,204,915,4.49,13,127,107,722,6.75,5,5,3,18,,,266,372.7,381.7,319.2,118,4,6,EkelAu00
7,Josh Allen*,BUF,QB,26,16,16,359,567,4283,35,14,124,762,6.15,7,0,0,0,,0,13,5,7,1,1,396,395.5,420.5,409.5,117,2,7,AlleJo02
8,Travis Kelce*+,KAN,TE,33,17,17,0,0,0,0,0,2,5,2.5,0,152,110,1338,12.16,12,1,1,12,1,,206,316.3,320.3,261.3,114,1,8,KelcTr00
9,Davante Adams*+,LVR,WR,30,17,17,0,0,0,0,0,3,-1,-0.33,0,180,100,1516,15.16,14,1,0,14,,,236,335.5,338.5,285.5,114,2,9,AdamDa01
10,Nick Chubb*,CLE,RB,27,17,17,0,0,0,0,0,302,1525,5.05,12,37,27,239,8.85,1,1,1,13,1,,254,281.4,288.4,267.9,107,5,10,ChubNi00
11,Tyreek Hill*+,MIA,WR,28,17,17,0,0,0,0,0,7,32,4.57,1,170,119,1710,14.37,7,1,0,9,,,228,347.2,350.2,287.7,107,3,11,HillTy00
12,Jalen Hurts*,PHI,QB,24,15,15,306,460,3701,22,6,165,760,4.61,13,0,0,0,,0,9,2,13,2,,378,378,392,384,100,3,12,HurtJa00
13,A.J. Brown*,PHI,WR,25,17,16,0,0,0,0,0,0,0,,0,145,88,1496,17,11,2,2,11,,,212,299.6,304.6,255.6,91,4,13,BrowAJ00
14,Stefon Diggs*,BUF,WR,29,16,16,0,0,0,0,0,1,-3,-3,0,154,108,1429,13.23,11,1,0,11,,,209,316.6,319.6,262.6,89,5,14,DiggSt00
15,Saquon Barkley*,NYG,RB,25,16,16,0,0,0,0,0,295,1312,4.45,10,76,57,338,5.93,0,1,0,10,1,,227,284,290,255.5,82,6,15,BarkSa00
16,CeeDee Lamb*,DAL,WR,23,17,17,0,0,0,0,0,10,47,4.7,0,156,107,1359,12.7,9,0,0,9,,,195,301.6,304.6,248.1,75,6,16,LambCe00
17,Joe Burrow*,CIN,QB,26,16,16,414,606,4475,35,12,75,257,3.43,5,0,0,0,,0,6,3,5,,3,351,350.7,371.7,362.7,74,4,17,BurrJo01
18,Jamaal Williams,DET,RB,27,17,9,0,0,0,0,0,262,1066,4.07,17,16,12,73,6.08,0,3,2,17,1,,214,225.9,230.9,219.9,69,7,18,WillJa06
19,Jaylen Waddle,MIA,WR,24,17,17,0,0,0,0,0,3,26,8.67,0,117,75,1356,18.08,8,1,1,8,,,184,259.2,263.2,221.7,66,7,19,WaddJa00
20,Tony Pollard*,DAL,RB,25,16,4,0,0,0,0,0,193,1007,5.22,9,55,39,371,9.51,3,0,0,12,,,210,248.8,254.8,229.3,65,8,20,PollTo00
21,Dalvin Cook*,MIN,RB,27,17,17,0,0,0,0,0,264,1173,4.44,8,56,39,295,7.56,2,4,4,10,,,199,237.8,247.8,218.3,55,9,21,CookDa01
22,Miles Sanders*,PHI,RB,25,17,15,0,0,0,0,0,259,1269,4.9,11,26,20,78,3.9,0,2,2,11,,,197,216.7,221.7,206.7,53,10,22,SandMi01
23,George Kittle*,SFO,TE,29,15,15,0,0,0,0,0,0,0,,0,86,60,765,12.75,11,1,1,11,,,141,200.5,204.5,170.5,52,2,23,KittGe00
24,Amari Cooper,CLE,WR,28,17,17,0,1,0,0,1,0,0,,0,132,78,1160,14.87,9,0,0,9,,,168,246,250,208,50,8,24,CoopAm00
25,Taysom Hill,NOR,TE,32,16,8,13,19,240,2,0,96,575,5.99,7,13,9,77,8.56,2,2,0,9,,,137,145.8,148.8,141.3,49,3,25,HillTa00
26,Aaron Jones,GNB,RB,28,17,17,0,0,0,0,0,213,1121,5.26,2,72,59,395,6.69,5,5,3,7,1,,190,248.6,257.6,219.1,46,11,26,JoneAa00
27,Amon-Ra St. Brown*,DET,WR,23,16,16,0,0,0,0,0,9,95,10.56,0,146,106,1161,10.95,6,0,0,6,,,162,267.6,270.6,214.6,44,9,27,StxxAm00
28,DeVonta Smith,PHI,WR,24,17,17,0,0,0,0,0,0,0,,0,136,95,1196,12.59,7,1,1,7,,,160,254.6,258.6,207.1,42,10,28,SmitDe07
29,T.J. Hockenson*,2TM,TE,25,17,14,0,0,0,0,0,0,0,,0,129,86,914,10.63,6,1,1,6,2,,129,215.4,219.4,172.4,42,4,29,HockTJ00
30,Christian Kirk,JAX,WR,26,17,17,0,1,0,0,0,5,11,2.2,0,133,84,1108,13.19,8,1,1,8,,,158,241.9,245.9,199.9,41,11,30,KirkCh01
31,Najee Harris,PIT,RB,24,17,17,1,1,4,0,0,272,1034,3.8,7,53,41,229,5.59,3,3,2,10,,,182,223.5,231.5,203,40,12,31,HarrNa00
32,Ja'Marr Chase*,CIN,WR,22,12,12,0,0,0,0,0,5,8,1.6,0,134,87,1046,12.02,9,2,2,9,,,155,242.4,247.4,198.9,38,12,32,ChasJa00
33,Rhamondre Stevenson,NWE,RB,24,17,7,0,0,0,0,0,210,1040,4.95,5,88,69,421,6.1,1,4,1,6,,,180,249.1,256.1,214.6,37,13,33,StevRh00
34,Joe Mixon,CIN,RB,26,14,14,0,0,0,0,0,210,814,3.88,7,75,60,441,7.35,2,0,0,9,,,180,239.5,245.5,209.5,37,14,34,MixoJo00
35,Tyler Lockett,SEA,WR,30,16,16,0,0,0,0,0,0,0,,0,117,84,1033,12.3,9,2,2,9,,,153,237.3,242.3,195.3,37,13,35,LockTy00
36,Terry McLaurin*,WAS,WR,27,17,17,0,0,0,0,0,7,29,4.14,0,120,77,1191,15.47,5,1,0,5,,,152,229,232,190.5,35,14,36,McLaTe00
37,Brandon Aiyuk,SFO,WR,24,17,17,0,0,0,0,0,2,23,11.5,0,114,78,1015,13.01,8,1,1,8,,,150,227.8,231.8,188.8,33,15,37,AiyuBr00
38,Kenneth Walker III,SEA,RB,22,15,11,0,0,0,0,0,228,1050,4.61,9,35,27,165,6.11,0,0,0,9,,,176,202.5,208.5,189,33,15,38,WalkKe00
39,Mike Evans,TAM,WR,29,15,15,0,0,0,0,0,0,0,,0,127,77,1124,14.6,6,0,0,6,,,148,225.4,228.4,186.9,32,16,39,EvanMi00
40,Tee Higgins,CIN,WR,23,16,14,0,0,0,0,0,0,0,,0,109,74,1029,13.91,7,0,0,7,1,,147,220.9,223.9,183.9,30,17,40,HiggTe00
41,Mark Andrews*,BAL,TE,27,15,15,0,0,0,0,0,3,8,2.67,0,113,73,847,11.6,5,1,0,5,1,,118,190.5,193.5,154,30,5,41,AndrMa00
42,Geno Smith*,SEA,QB,32,17,17,399,572,4282,30,11,68,366,5.38,1,0,0,0,,0,8,4,1,,,304,303.9,324.9,314.9,30,5,42,SmitGe00
43,Travis Etienne,JAX,RB,23,17,12,0,0,0,0,0,220,1125,5.11,5,45,35,316,9.03,0,5,3,5,1,,170,205.1,214.1,187.6,28,16,43,EtieTr00
44,Ezekiel Elliott,DAL,RB,27,15,14,0,0,0,0,0,231,876,3.79,12,23,17,92,5.41,0,0,0,12,,,169,185.8,188.8,177.3,27,17,44,ElliEz00
45,Justin Fields,CHI,QB,23,15,15,192,318,2242,17,11,160,1143,7.14,8,0,0,0,,0,16,2,8,,1,296,296,315,307,23,6,45,FielJu00
46,Trevor Lawrence*,JAX,QB,23,17,17,387,584,4113,25,8,62,291,4.69,5,0,0,0,,0,12,9,5,,3,296,295.6,318.6,303.6,23,7,46,LawrTr00
47,Jerry Jeudy,DEN,WR,23,15,14,0,0,0,0,0,4,40,10,0,100,67,972,14.51,6,0,0,6,,,137,204.2,207.2,170.7,21,18,47,JeudJe00
48,D.K. Metcalf,SEA,WR,25,17,17,0,0,0,0,0,0,0,,0,141,90,1048,11.64,6,2,2,6,,,137,226.8,231.8,181.8,21,19,48,MetcDK00
49,D.J. Moore,CAR,WR,25,17,17,0,0,0,0,0,10,53,5.3,0,118,63,888,14.1,7,0,0,7,,,136,199.1,202.1,167.6,20,20,49,MoorD.00
50,Kirk Cousins*,MIN,QB,34,17,17,424,643,4547,29,14,31,97,3.13,2,0,0,0,,0,7,3,2,,3,292,291.6,311.6,305.6,19,8,50,CousKi00
51,Evan Engram,JAX,TE,28,17,14,0,0,0,0,0,2,13,6.5,0,98,73,766,10.49,4,0,0,4,1,,104,176.9,179.9,140.4,18,6,51,EngrEv00
52,Garrett Wilson,NYJ,WR,22,17,12,0,1,0,0,0,4,4,1,0,147,83,1103,13.29,4,2,1,4,,,133,215.7,219.7,174.2,17,21,52,WilsGa00
53,Daniel Jones,NYG,QB,25,16,16,317,472,3205,15,5,120,708,5.9,7,0,0,0,,0,6,3,7,,2,289,289,303,294,16,9,53,JoneDa05
54,Alvin Kamara,NOR,RB,27,15,13,0,0,0,0,0,223,897,4.02,2,77,57,490,8.6,2,4,4,4,,,155,211.7,221.7,183.2,14,18,54,KamaAl00
55,James Conner,ARI,RB,27,13,13,0,0,0,0,0,183,782,4.27,7,58,46,300,6.52,1,3,1,8,,,154,200.2,207.2,177.2,13,19,55,ConnJa00
56,Leonard Fournette,TAM,RB,27,16,9,0,1,0,0,1,189,668,3.53,3,83,73,523,7.16,3,0,0,6,,,153,226.1,233.1,190.6,12,20,56,FourLe00
57,Cole Kmet,CHI,TE,23,17,17,0,0,0,0,0,2,9,4.5,0,69,50,544,10.88,7,1,0,7,,,97,147.3,150.3,122.3,11,7,57,KmetCo00
58,Cooper Kupp,LAR,WR,29,9,9,0,1,0,0,0,9,52,5.78,1,98,75,812,10.83,6,2,1,7,,,126,201.4,205.4,163.9,11,22,58,KuppCo00
59,Chris Olave,NOR,WR,22,15,9,0,0,0,0,0,0,0,,0,119,72,1042,14.47,4,2,2,4,1,,126,198.2,203.2,162.2,11,23,59,OlavCh00
60,Jared Goff*,DET,QB,28,17,17,382,587,4438,29,7,29,73,2.52,0,1,1,5,5,0,7,4,0,1,1,283,284.3,298.3,290.8,11,10,60,GoffJa00
61,Gabriel Davis,BUF,WR,23,15,15,0,0,0,0,0,0,0,,0,93,48,836,17.42,7,1,1,7,,,124,171.6,175.6,147.6,9,24,61,DaviGa01
62,Christian Watson,GNB,WR,23,14,11,0,0,0,0,0,7,80,11.43,2,66,41,611,14.9,7,0,0,9,,,123,164.1,167.1,143.6,8,25,62,WatsCh00
63,Juwan Johnson,NOR,TE,26,16,12,0,0,0,0,0,0,0,,0,65,42,508,12.1,7,0,0,7,,,93,134.8,137.8,113.8,7,8,63,JohnJu02
64,Justin Herbert,LAC,QB,24,17,17,477,699,4739,25,10,54,147,2.72,0,2,2,-10,-5,0,8,3,0,,1,279,281.3,300.3,290.3,7,11,64,HerbJu00
65,Chris Godwin,TAM,WR,26,15,13,0,0,0,0,0,3,5,1.67,0,142,104,1023,9.84,3,2,2,3,1,,119,222.8,227.8,170.8,4,26,65,GodwCh00
66,David Montgomery,CHI,RB,25,16,16,0,0,0,0,0,201,801,3.99,5,40,34,316,9.29,1,2,2,6,,,144,177.7,185.7,160.7,3,21,66,MontDa01
67,Tyler Allgeier,ATL,RB,22,16,7,0,0,0,0,0,210,1035,4.93,3,17,16,139,8.69,1,0,0,4,1,,143,159.4,165.4,151.4,3,22,67,AllgTy00
68,Michael Pittman Jr.,IND,WR,25,16,16,0,0,0,0,0,3,30,10,0,141,99,925,9.34,4,2,1,4,,,118,216.5,220.5,167,3,27,68,PittMi01
69,D'Andre Swift,DET,RB,23,14,8,0,0,0,0,0,99,542,5.47,5,70,48,389,8.1,3,1,0,8,1,,143,191.1,197.1,167.1,3,23,69,SwifDA00
70,Dawson Knox*,BUF,TE,26,15,15,0,0,0,0,0,0,0,,0,65,48,517,10.77,6,0,0,6,,,88,135.7,138.7,111.7,2,9,70,KnoxDa00
71,Zay Jones,JAX,WR,27,16,15,0,0,0,0,0,4,18,4.5,0,121,82,823,10.04,5,0,0,5,1,,116,198.1,201.1,157.1,2,28,71,JoneZa00
72,Dallas Goedert,PHI,TE,27,12,12,0,0,0,0,0,0,0,,0,69,55,702,12.76,3,1,1,3,,,86,141.2,145.2,113.7,1,10,72,GoedDa00
73,Dalton Schultz,DAL,TE,26,15,15,0,0,0,0,0,0,0,,0,89,57,577,10.12,5,1,1,5,,,86,142.7,146.7,114.2,,11,73,SchuDa00
74,Allen Lazard,GNB,WR,27,15,15,0,0,0,0,0,2,0,0,0,100,60,788,13.13,6,0,0,6,,,115,174.8,177.8,144.8,,29,74,LazaAl00
75,Tory Carter,TEN,,23,9,3,0,0,0,0,0,0,0,,0,0,0,0,,0,0,0,0,,,,,,,,2,75,CartTo01
76,Alex Armah,WAS,,28,2,0,0,0,0,0,0,0,0,,0,0,0,0,,0,0,0,0,,,,,,,,1,76,ArmaAl00
77,Pat Freiermuth,PIT,TE,24,16,8,0,0,0,0,0,0,0,,0,98,63,732,11.62,2,0,0,2,,,85,148.2,151.2,116.7,,12,77,FreiPa00
78,Jerick McKinnon,KAN,RB,30,17,0,0,0,0,0,0,72,291,4.04,1,71,56,512,9.14,9,1,1,10,1,,140,196.3,203.3,168.3,,24,78,McKiJe00
79,Tom Brady,TAM,QB,45,17,17,490,733,4694,25,9,29,-1,-0.03,1,1,0,0,,0,5,4,1,,2,272,271.7,287.7,280.7,,12,,BradTo00
80,Aaron Rodgers,GNB,QB,39,17,17,350,542,3695,26,12,34,94,2.76,1,0,0,0,,0,8,4,1,,2,239,239.2,258.2,251.2,,13,,RodgAa00
81,Lamar Jackson,BAL,QB,25,12,12,203,326,2242,17,7,112,764,6.82,3,0,0,0,,0,5,2,3,,1,236,236.1,251.1,243.1,,14,,JackLa00
82,Tua Tagovailoa,MIA,QB,24,13,13,259,400,3548,25,8,23,70,3.04,0,0,0,0,,0,6,1,0,,,231,230.9,242.9,238.9,,15,,TagoTu00
83,Russell Wilson,DEN,QB,34,15,15,292,483,3524,16,11,55,277,5.04,3,1,1,1,1,0,6,2,3,,,225,225.8,244.8,236.3,,16,,WilsRu00
84,Derek Carr*,LVR,QB,31,15,15,305,502,3522,24,14,24,102,4.25,0,0,0,0,,0,4,0,0,,,219,219.1,239.1,233.1,,17,,CarrDe02
85,Kyler Murray,ARI,QB,25,11,11,259,390,2368,14,7,67,418,6.24,3,0,0,0,,0,8,2,3,1,3,201,200.5,215.5,207.5,,18,,MurrKy00
86,Dak Prescott,DAL,QB,29,12,12,261,394,2860,23,15,45,182,4.04,1,0,0,0,,0,4,1,1,,,199,198.6,220.6,213.6,,19,,PresDa01
87,Marcus Mariota,ATL,QB,29,13,13,184,300,2219,15,9,85,438,5.15,4,0,0,0,,0,8,3,4,,2,197,196.6,214.6,205.6,,20,,MariMa01
88,Davis Mills,HOU,QB,24,15,15,292,479,3118,17,15,32,108,3.38,2,0,0,0,,0,8,3,2,,1,182,181.5,205.5,196.5,,21,,MillDa02
89,Andy Dalton,NOR,QB,35,14,14,252,378,2871,18,9,30,54,1.8,0,0,0,0,,0,5,1,0,,1,174,174.2,187.2,183.2,,22,,DaltAn00
90,Mac Jones,NWE,QB,24,14,14,288,442,2997,14,11,47,102,2.17,1,0,0,0,,0,5,1,1,,1,170,170.1,188.1,181.1,,23,,JoneMa05
91,Jacoby Brissett,CLE,QB,30,16,11,236,369,2608,12,6,49,243,4.96,2,0,0,0,,0,6,4,2,,,169,168.6,184.6,174.6,,24,,BrisJa00
92,Jimmy Garoppolo,SFO,QB,31,11,10,207,308,2437,16,4,23,33,1.43,2,0,0,0,,0,3,2,2,,,165,164.8,173.8,168.8,,25,,GaroJi00
93,Ryan Tannehill,TEN,QB,34,12,12,212,325,2536,13,6,34,98,2.88,2,0,0,0,,0,3,2,2,,1,161,161.2,172.2,167.2,,26,,TannRy00
94,Matt Ryan,IND,QB,37,12,12,309,461,3057,14,13,27,70,2.59,1,0,0,0,,0,15,5,1,,,155,155.3,176.3,168.3,,27,,RyanMa00
95,Kenny Pickett,PIT,QB,24,13,12,245,389,2404,7,9,55,237,4.31,3,0,0,0,,0,4,1,3,,2,150,149.9,165.9,158.9,,28,,PickKe00
96,AJ Dillon,GNB,RB,24,17,3,0,0,0,0,0,186,770,4.14,7,43,28,206,7.36,0,1,0,7,,,140,167.6,173.6,153.6,,26,,DillAJ00
97,Devin Singletary,BUF,RB,25,16,16,0,0,0,0,0,177,819,4.63,5,52,38,280,7.37,1,3,3,6,,,140,177.9,186.9,158.9,,25,,SingDe00
98,Raheem Mostert,MIA,RB,30,16,14,0,0,0,0,0,181,891,4.92,3,42,31,202,6.52,2,1,1,5,,,137,168.3,175.3,152.8,,27,,MostRa00
99,Jeff Wilson,2TM,RB,27,16,7,0,0,0,0,0,176,860,4.89,5,37,22,185,8.41,1,3,2,6,,,137,158.5,166.5,147.5,,28,,WilsJe01
100,Dameon Pierce,HOU,RB,22,13,13,0,0,0,0,0,220,939,4.27,4,39,30,165,5.5,1,4,2,5,,,136,166.4,174.4,151.4,,29,,PierDa01
101,Cordarrelle Patterson,ATL,RB,31,13,11,0,0,0,0,0,144,695,4.83,8,31,21,122,5.81,0,1,1,9,,,134,154.7,161.7,144.2,,30,,PattCo00
102,Cam Akers,LAR,RB,23,15,9,0,0,0,0,0,188,786,4.18,7,18,13,117,9,0,2,2,7,,,128,141.3,149.3,134.8,,31,,AkerCa00
103,Latavius Murray,2TM,RB,32,13,7,0,0,0,0,0,171,760,4.44,6,35,27,132,4.89,0,1,0,6,1,,127,154.2,160.2,140.7,,32,,MurrLa00
104,D'Onta Foreman,CAR,RB,26,17,9,0,0,0,0,0,203,914,4.5,5,9,5,26,5.2,0,1,0,5,1,,126,131,134,128.5,,33,,ForeDO00
105,Isiah Pacheco,KAN,RB,23,17,11,0,0,0,0,0,170,830,4.88,5,14,13,130,10,0,4,2,5,,,122,135,143,128.5,,34,,PachIs00
106,Baker Mayfield,2TM,QB,27,12,10,201,335,2163,10,8,31,89,2.87,1,0,0,0,,0,9,2,1,,,121,121.4,134.4,129.4,,29,,MayfBa00
107,Antonio Gibson,WAS,RB,24,15,6,0,0,0,0,0,149,546,3.66,3,58,46,353,7.67,2,1,0,5,,,120,165.9,171.9,142.9,,35,,GibsAn00
108,Jonathan Taylor,IND,RB,23,11,11,0,0,0,0,0,192,861,4.48,4,40,28,143,5.11,0,3,3,4,,,118,146.4,155.4,132.4,,36,,TaylJo02
109,Taylor Heinicke,WAS,QB,29,9,9,161,259,1859,12,6,28,96,3.43,1,0,0,0,,0,7,5,1,,,116,116,130,122,,30,,HeinTa00
110,George Pickens,PIT,WR,21,17,12,0,0,0,0,0,3,24,8,1,84,52,801,15.4,4,0,0,5,1,,115,166.5,169.5,140.5,,30,,PickGe00
111,Mike Williams,LAC,WR,28,13,13,0,0,0,0,0,0,0,,0,93,63,895,14.21,4,0,0,4,,,114,176.5,179.5,145,,31,,WillMi07
112,Jakobi Meyers,NWE,WR,26,14,13,0,0,0,0,0,2,-11,-5.5,0,96,67,804,12,6,2,2,6,1,,113,180.3,185.3,146.8,,32,,MeyeJa01
113,Carson Wentz,WAS,QB,30,8,7,172,276,1755,11,9,22,86,3.91,1,0,0,0,,0,6,1,1,,2,113,112.8,125.8,121.8,,31,,WentCa00
114,Curtis Samuel,WAS,WR,26,17,12,0,0,0,0,0,38,187,4.92,1,92,64,656,10.25,4,1,1,5,,,112,176.3,183.3,144.3,,34,,SamuCu00
115,Deebo Samuel,SFO,WR,26,13,12,0,0,0,0,0,42,232,5.52,3,94,56,632,11.29,2,3,2,5,,,112,168.4,176.4,140.4,,33,,SamuDe00
116,Adam Thielen,MIN,WR,32,17,17,0,0,0,0,0,1,4,4,0,107,70,716,10.23,6,0,0,6,1,,110,180,183,145,,35,,ThieAd00
117,Tyler Boyd,CIN,WR,28,16,14,1,1,23,0,0,0,0,,0,82,58,762,13.14,5,0,0,5,1,,109,167.1,170.1,138.1,,36,,BoydTy00
118,Khalil Herbert,CHI,RB,24,13,1,0,0,0,0,0,129,731,5.67,4,12,9,57,6.33,1,0,0,5,,,109,117.8,120.8,113.3,,37,,HerbKh00
119,Matthew Stafford,LAR,QB,34,9,9,206,303,2087,10,8,13,9,0.69,1,0,0,0,,0,5,3,1,,,108,108.4,122.4,116.4,,32,,StafMa00
120,Drake London,ATL,WR,21,17,15,0,0,0,0,0,0,0,,0,117,72,866,12.03,4,3,3,4,1,,107,178.6,184.6,142.6,,38,,LondDr00
121,JuJu Smith-Schuster,KAN,WR,26,16,14,0,0,0,0,0,0,0,,0,101,78,933,11.96,3,3,2,3,,,107,185.3,190.3,146.3,,37,,SmitJu00
122,Donovan Peoples-Jones,CLE,WR,23,17,14,0,0,0,0,0,1,2,2,0,96,61,839,13.75,3,1,1,4,,,106,167.1,171.1,136.6,,39,,PeopDo00
123,Brock Purdy,SFO,QB,23,9,5,114,170,1374,13,4,22,13,0.59,1,0,0,0,,0,0,0,1,,,106,106.3,113.3,110.3,,33,,PurdBr00
124,Samaje Perine,CIN,RB,27,16,2,0,0,0,0,0,95,394,4.15,2,51,38,287,7.55,4,0,0,6,,,104,142.1,148.1,123.1,,38,,PeriSa00
125,Brian Robinson Jr.,WAS,RB,23,12,9,0,0,0,0,0,205,797,3.89,2,12,9,60,6.67,1,2,0,3,,,104,112.7,115.7,108.2,,39,,RobiBr01
126,Keenan Allen,LAC,WR,30,10,10,0,0,0,0,0,1,8,8,0,89,66,752,11.39,4,1,1,4,,,98,164,168,131,,40,,AlleKe00
127,Zach Wilson,NYJ,QB,23,9,9,132,242,1688,6,7,28,102,3.64,1,1,1,2,2,1,1,1,2,,,98,98.9,112.9,105.4,,34,,WilsZa00
128,Mack Hollins,LVR,WR,29,17,16,1,1,4,0,0,4,40,10,0,94,57,690,12.11,4,0,0,4,,,97,154.2,157.2,125.7,,42,,HollMa00
129,Josh Palmer,LAC,WR,24,16,11,0,0,0,0,0,1,4,4,0,107,72,769,10.68,3,1,0,3,1,,97,169.3,172.3,133.3,,41,,PalmJo00
130,Jahan Dotson,WAS,WR,22,12,10,0,0,0,0,0,2,-7,-3.5,0,61,35,523,14.94,7,0,0,7,1,,96,130.6,133.6,113.1,,43,,DotsJa00
131,Breece Hall,NYJ,RB,21,7,2,0,0,0,0,0,80,463,5.79,4,31,19,218,11.47,1,1,1,5,,,96,115.1,122.1,105.6,,40,,HallBr03
132,K.J. Osborn,MIN,WR,25,17,9,0,0,0,0,0,3,6,2,0,90,60,650,10.83,5,1,0,5,,,96,155.6,158.6,125.6,,44,,OsboKJ00
133,Diontae Johnson,PIT,WR,26,17,17,0,0,0,0,0,7,25,3.57,0,147,86,882,10.26,0,1,0,0,2,,95,180.7,183.7,137.7,,46,,JohnDi01
134,Courtland Sutton,DEN,WR,27,15,15,0,0,0,0,0,1,5,5,0,109,64,829,12.95,2,0,0,2,,,95,159.4,162.4,127.4,,45,,SuttCo00
135,Kareem Hunt,CLE,RB,27,17,0,0,0,0,0,0,123,468,3.8,3,44,35,210,6,1,1,0,4,,,92,126.8,132.8,109.3,,41,,HuntKa00
136,Marquise Brown,ARI,WR,25,12,10,0,0,0,0,0,1,1,1,0,107,67,709,10.58,3,1,0,3,,,89,156,159,122.5,,47,,BrowMa04
137,Brandin Cooks,HOU,WR,29,13,13,0,0,0,0,0,2,7,3.5,0,93,57,699,12.26,3,0,0,3,,,89,145.6,148.6,117.1,,48,,CookBr00
138,Rachaad White,TAM,RB,23,17,8,0,0,0,0,0,129,481,3.73,1,58,50,290,5.8,2,3,3,3,,,89,139.1,148.1,114.1,,42,,WhitRa01
139,DeAndre Hopkins,ARI,WR,30,9,9,0,0,0,0,0,0,0,,0,96,64,717,11.2,3,2,1,3,,,88,151.7,155.7,119.7,,49,,HopkDe00
140,Kenyan Drake,BAL,RB,28,12,5,0,0,0,0,0,109,482,4.42,4,26,17,89,5.24,1,1,0,5,,,87,104.1,107.1,95.6,,43,,DrakKe00
141,Parris Campbell,IND,WR,25,17,16,0,0,0,0,0,5,58,11.6,0,91,63,623,9.89,3,1,0,3,,,86,149.1,152.1,117.6,,50,,CampPa00
142,Sam Darnold,CAR,QB,25,6,6,82,140,1143,7,3,26,106,4.08,2,0,0,0,,0,6,2,2,,,86,86.3,97.3,89.3,,35,,DarnSa00
143,Deshaun Watson,CLE,QB,27,6,6,99,170,1102,7,5,36,175,4.86,1,0,0,0,,0,1,0,1,,,86,85.6,96.6,90.6,,36,,WatsDe00
144,Michael Carter,NYJ,RB,23,16,10,0,0,0,0,0,114,402,3.53,3,54,41,288,7.02,0,2,1,3,,,85,126,133,105.5,,44,,CartMi03
145,James Cook,BUF,RB,23,16,0,0,0,0,0,0,89,507,5.7,2,32,21,180,8.57,1,1,1,3,,,85,105.7,112.7,95.2,,45,,CookJa01
146,David Njoku,CLE,TE,26,14,14,0,0,0,0,0,2,-8,-4,0,80,58,628,10.83,4,1,1,4,,,84,142,146,113,,13,,NjokDa00
147,Gerald Everett,LAC,TE,28,16,11,0,0,0,0,0,1,0,0,0,87,58,555,9.57,4,0,0,4,1,,82,139.5,142.5,110.5,,14,,EverGe00
148,Darius Slayton,NYG,WR,25,16,11,0,0,0,0,0,0,0,,0,71,46,724,15.74,2,2,1,2,,,82,128.4,132.4,105.4,,51,,SlayDa01
149,Clyde Edwards-Helaire,KAN,RB,23,10,6,0,0,0,0,0,71,302,4.25,3,23,17,151,8.88,3,0,0,6,,,81,98.3,104.3,89.8,,46,,EdwaCl00
150,Jordan Akins,HOU,TE,30,15,3,0,0,0,0,0,0,0,,0,54,37,495,13.38,5,1,1,5,1,,80,116.5,120.5,98,,16,,AkinJo00
151,Tyler Higbee,LAR,TE,29,17,17,0,0,0,0,0,0,0,,0,108,72,620,8.61,3,0,0,3,,,80,152,155,116,,15,,HigbTy00
152,Marquez Valdes-Scantling,KAN,WR,28,17,11,0,0,0,0,0,1,-3,-3,0,81,42,687,16.36,2,0,0,2,,,80,122.4,125.4,101.4,,52,,ValdMa00
153,Devin Duvernay*,BAL,WR,25,14,13,0,0,0,0,0,12,84,7,1,49,37,407,11,3,1,0,5,,,79,116.1,119.1,97.6,,53,,DuveDe00
154,Isaiah McKenzie,BUF,WR,27,15,8,0,0,0,0,0,9,55,6.11,1,65,42,423,10.07,4,0,0,5,,,78,119.8,122.8,98.8,,54,,McKeIs00
155,James Robinson,2TM,RB,24,11,5,0,0,0,0,0,110,425,3.86,3,14,11,51,4.64,2,1,0,5,,,78,88.6,91.6,83.1,,47,,RobiJa00
156,Richie James,NYG,WR,27,17,4,0,0,0,0,0,2,6,3,0,70,57,569,9.98,4,3,3,4,,,76,132.5,138.5,104,,55,,JameRi00
157,Tyler Conklin,NYJ,TE,27,17,16,0,0,0,0,0,2,3,1.5,0,87,58,552,9.52,3,2,0,3,,,74,131.5,134.5,102.5,,17,,ConkTy00
158,J.K. Dobbins,BAL,RB,24,8,8,0,0,0,0,0,92,520,5.65,2,8,7,42,6,1,0,0,3,,,74,81.2,84.2,77.7,,48,,DobbJK00
159,Damien Harris,NWE,RB,25,11,9,0,0,0,0,0,106,462,4.36,3,23,17,97,5.71,0,0,0,3,,,74,90.9,93.9,82.4,,49,,HarrDa06
160,Chuba Hubbard,CAR,RB,23,15,2,0,0,0,0,0,95,466,4.91,2,17,14,171,12.21,0,2,1,2,,,74,87.7,94.7,80.7,,50,,HubbCh01
161,Mitchell Trubisky,PIT,QB,28,7,5,117,180,1252,4,5,19,38,2,2,0,0,0,,0,0,0,2,,1,74,73.9,81.9,78.9,,37,,TrubMi00
162,Noah Fant,SEA,TE,25,17,16,0,0,0,0,0,0,0,,0,63,50,486,9.72,4,0,0,4,,,73,122.6,125.6,97.6,,18,,FantNo00
163,Russell Gage,TAM,WR,26,13,4,0,0,0,0,0,0,0,,0,70,51,426,8.35,5,1,1,5,1,,73,123.6,127.6,98.1,,56,,GageRu00
164,Alexander Mattison,MIN,RB,24,17,0,0,0,0,0,0,74,283,3.82,5,18,15,91,6.07,1,0,0,6,,,73,88.4,91.4,80.9,,51,,MattAl01
165,Rashid Shaheed,NOR,WR,24,12,6,0,0,0,0,0,4,57,14.25,1,34,28,488,17.43,2,1,0,3,,,73,100.5,103.5,86.5,,57,,ShahRa00
166,Noah Brown,DAL,WR,26,16,13,0,0,0,0,0,0,0,,0,74,43,555,12.91,3,1,1,3,,,72,114.5,118.5,93,,59,,BrowNo00
167,DeVante Parker,NWE,WR,29,13,11,0,0,0,0,0,0,0,,0,47,31,539,17.39,3,0,0,3,,,72,102.9,105.9,87.4,,58,,ParkDe01
168,Marvin Jones,JAX,WR,32,16,10,0,0,0,0,0,0,0,,0,81,46,529,11.5,3,0,0,3,,,71,116.9,119.9,93.9,,61,,JoneMa02
169,Alec Pierce,IND,WR,22,16,12,0,0,0,0,0,0,0,,0,78,41,593,14.46,2,1,0,2,,,71,112.3,115.3,91.8,,60,,PierAl00
170,Olamide Zaccheaus,ATL,WR,25,17,13,0,0,0,0,0,2,7,3.5,0,61,40,533,13.33,3,1,1,3,,,70,110,114,90,,62,,ZaccOl01
171,Zach Ertz,ARI,TE,32,10,10,0,0,0,0,0,0,0,,0,69,47,406,8.64,4,0,0,4,2,,69,115.6,118.6,92.1,,19,,ErtzZa00
172,Mecole Hardman,KAN,WR,24,8,5,0,0,0,0,0,4,31,7.75,2,34,25,297,11.88,4,1,0,6,,,69,93.8,96.8,81.3,,64,,HardMe00
173,Kalif Raymond,DET,WR,28,17,7,0,0,0,0,0,7,36,5.14,0,64,47,616,13.11,0,3,1,1,,,69,116.2,120.2,92.7,,63,,RaymKa00
174,DJ Chark,DET,WR,26,11,10,0,0,0,0,0,0,0,,0,52,30,502,16.73,3,0,0,3,,,68,98.2,101.2,83.2,,65,,CharDJ00
175,Chris Moore,HOU,WR,29,16,7,0,0,0,0,0,3,3,1,0,74,48,548,11.42,2,0,0,2,,,67,115.1,118.1,91.1,,66,,MoorCh00
176,DeAndre Carter,LAC,WR,29,17,7,0,0,0,0,0,2,-15,-7.5,0,65,46,538,11.7,3,3,2,3,,,66,112.3,117.3,89.3,,68,,CartDe02
177,Corey Davis,NYJ,WR,27,13,10,0,0,0,0,0,0,0,,0,64,32,536,16.75,2,0,0,2,,,66,97.6,100.6,81.6,,70,,DaviCo03
178,Michael Gallup,DAL,WR,26,14,11,0,0,0,0,0,0,0,,0,74,39,424,10.87,4,0,0,4,,,66,105.4,108.4,85.9,,67,,GallMi00
179,Mike Gesicki,MIA,TE,27,17,1,0,0,0,0,0,0,0,,0,52,32,362,11.31,5,0,0,5,,,66,98.2,101.2,82.2,,20,,GesiMi00
180,Josh Reynolds,DET,WR,27,14,11,0,0,0,0,0,0,0,,0,59,38,479,12.61,3,0,0,3,,,66,103.9,106.9,84.9,,69,,ReynJo00
181,Eno Benjamin,3TM,RB,23,15,3,0,0,0,0,0,77,313,4.06,2,34,25,193,7.72,0,0,0,2,1,,65,89.6,95.6,77.1,,54,,BenjEn00
182,Kenneth Gainwell,PHI,RB,23,17,0,0,0,0,0,0,53,240,4.53,4,29,23,169,7.35,0,0,0,4,,,65,87.9,93.9,76.4,,53,,GainKe00
183,Chigoziem Okonkwo,TEN,TE,23,17,8,0,0,0,0,0,3,2,0.67,0,46,32,450,14.06,3,0,0,3,1,,65,97.2,100.2,81.2,,21,,OkonCh00
184,Jaylen Warren,PIT,RB,24,16,0,0,0,0,0,0,77,379,4.92,1,33,28,214,7.64,0,1,0,1,,,65,93.3,99.3,79.3,,52,,WarrJa01
185,Marquise Goodwin,SEA,WR,32,13,2,0,0,0,0,0,2,5,2.5,0,42,27,387,14.33,4,0,0,4,,,63,90.2,93.2,76.7,,71,,GoodMa00
186,Hunter Henry,NWE,TE,28,17,14,0,0,0,0,0,0,0,,0,59,41,509,12.41,2,0,0,2,,,63,103.9,106.9,83.4,,22,,HenrHu00
187,Isaiah Hodgins,2TM,WR,24,10,5,0,0,0,0,0,0,0,,0,48,37,392,10.59,4,1,1,4,1,,63,100.2,104.2,81.7,,72,,HodgIs00
188,Robert Woods,TEN,WR,30,17,15,0,0,0,0,0,0,0,,0,91,53,527,9.94,2,1,1,2,,,63,115.7,119.7,89.2,,73,,WoodRo02
189,Melvin Gordon,DEN,RB,29,10,6,0,0,0,0,0,90,318,3.53,2,32,25,223,8.92,0,5,2,2,,,62,87.1,95.1,74.6,,55,,GordMe00
190,Darnell Mooney,CHI,WR,25,12,12,0,0,0,0,0,1,2,2,0,61,40,493,12.33,2,0,0,2,,,62,101.5,104.5,81.5,,74,,MoonDa00
191,Treylon Burks,TEN,WR,22,11,6,0,0,0,0,0,4,47,11.75,0,54,33,444,13.45,1,0,0,2,,,61,94.1,97.1,77.6,,75,,BurkTr00
192,Greg Dortch,ARI,WR,24,16,4,0,0,0,0,0,7,44,6.29,0,64,52,467,8.98,2,1,1,2,,,61,113.1,117.1,87.1,,76,,DortGr01
193,Nico Collins,HOU,WR,23,10,7,0,0,0,0,0,0,0,,0,66,37,481,13,2,0,0,2,,,60,97.1,100.1,78.6,,77,,CollNi00
194,Romeo Doubs,GNB,WR,22,13,7,0,0,0,0,0,1,11,11,0,67,42,425,10.12,3,2,1,3,,,60,101.6,105.6,80.6,,78,,DoubRo00
195,Chase Claypool,2TM,WR,24,15,11,1,1,1,1,0,9,59,6.56,0,79,46,451,9.8,1,1,1,1,,,59,105,109,82,,79,,ClayCh01
196,Gus Edwards,BAL,RB,27,9,4,0,0,0,0,0,87,433,4.98,3,2,0,0,,0,1,1,3,,,59,59.3,63.3,59.3,,56,,EdwaGu00
197,Robert Tonyan,GNB,TE,28,17,3,0,0,0,0,0,0,0,,0,67,53,470,8.87,2,0,0,2,,,59,112,115,85.5,,23,,TonyRo00
198,Chase Edmonds,2TM,RB,26,13,3,0,0,0,0,0,68,245,3.6,2,24,16,157,9.81,1,0,0,3,,,58,74.2,80.2,66.2,,57,,EdmoCh00
199,Nick Westbrook-Ikhine,TEN,WR,25,17,13,0,0,0,0,0,0,0,,0,50,25,397,15.88,3,0,0,3,,,58,82.7,85.7,70.2,,80,,WestNi00
200,Darrell Henderson,LAR,RB,25,10,7,0,0,0,0,0,70,283,4.04,3,22,17,102,6,0,0,0,3,,,57,73.5,79.5,65,,58,,HendDa00
201,Cooper Rush,DAL,QB,29,9,5,94,162,1051,5,3,9,6,0.67,0,0,0,0,,0,2,0,0,,,57,56.6,62.6,59.6,,38,,RushCo00
202,Darren Waller,LVR,TE,30,9,6,0,0,0,0,0,0,0,,0,43,28,388,13.86,3,0,0,3,,,57,84.8,87.8,70.8,,24,,WallDa01
203,Mike White,NYJ,QB,27,4,4,103,175,1192,3,4,6,9,1.5,1,0,0,0,,0,2,1,1,,,57,56.6,64.6,60.6,,39,,WhitMi01
204,Dontrell Hilliard,TEN,RB,27,12,1,0,0,0,0,0,22,145,6.59,0,26,21,177,8.43,4,0,0,4,,,56,77.2,83.2,66.7,,59,,HillDo00
205,Austin Hooper,TEN,TE,28,17,2,0,0,0,0,0,0,0,,0,60,41,444,10.83,2,0,0,2,,,56,97.4,100.4,76.9,,25,,HoopAu00
206,Demarcus Robinson,BAL,WR,28,17,5,0,0,0,0,0,0,0,,0,75,48,458,9.54,2,2,1,2,,,56,103.8,107.8,79.8,,81,,RobiDe01
207,Deon Jackson,IND,RB,23,16,2,0,0,0,0,0,68,236,3.47,1,34,30,209,6.97,1,1,1,2,,,55,84.5,91.5,69.5,,60,,JackDe02
208,Van Jefferson,LAR,WR,26,11,9,0,0,0,0,0,0,0,,0,44,24,369,15.38,3,0,0,3,,,55,78.9,81.9,66.9,,83,,JeffVa00
209,Isaiah Likely,BAL,TE,22,16,2,0,0,0,0,0,0,0,,0,60,36,373,10.36,3,0,0,3,,,55,91.3,94.3,73.3,,26,,LikeIs00
210,Terrace Marshall Jr.,CAR,WR,22,14,9,0,0,0,0,0,0,0,,0,47,28,490,17.5,1,2,0,1,,,55,83,86,69,,82,,MarsTe00
211,Zack Moss,2TM,RB,25,13,3,0,0,0,0,0,93,456,4.9,1,13,11,39,3.55,0,1,1,1,,,54,64.5,68.5,59,,61,,MossZa00
212,Trent Sherfield,MIA,WR,26,17,4,0,0,0,0,0,0,0,,0,51,30,417,13.9,2,0,0,2,,,54,83.7,86.7,68.7,,84,,SherTr00
213,Kendrick Bourne,NWE,WR,27,16,2,0,0,0,0,0,6,39,6.5,0,48,35,434,12.4,1,2,0,1,,,53,88.3,91.3,70.8,,85,,BourKe00
214,Will Dissly,SEA,TE,26,15,15,0,0,0,0,0,0,0,,0,38,34,349,10.26,3,0,0,3,,,53,86.9,89.9,69.9,,29,,DissWi00
215,Greg Dulcich,DEN,TE,22,10,6,0,0,0,0,0,0,0,,0,55,33,411,12.45,2,0,0,2,,,53,86.1,89.1,69.6,,28,,DulcGr00
216,Hayden Hurst,CIN,TE,29,13,13,0,0,0,0,0,0,0,,0,68,52,414,7.96,2,0,0,2,,,53,105.4,108.4,79.4,,27,,HursHa00
217,Foster Moreau,LVR,TE,25,15,14,0,0,0,0,0,0,2,,0,54,33,420,12.73,2,1,1,2,,,52,85.2,89.2,68.7,,30,,MoreFo00
218,Allen Robinson,LAR,WR,29,10,10,0,0,0,0,0,0,0,,0,52,33,339,10.27,3,0,0,3,,,52,84.9,87.9,68.4,,86,,RobiAl02
219,Quez Watkins,PHI,WR,24,17,8,0,0,0,0,0,3,1,0.33,0,51,33,354,10.73,3,1,1,3,,,52,84.5,88.5,68,,87,,WatkQu00
220,Nyheim Hines,2TM,RB,26,16,5,0,0,0,0,0,24,33,1.38,1,37,30,241,8.03,1,2,0,4,,,51,81.4,84.4,66.4,,62,,HineNy00
221,Joshua Kelley,LAC,RB,25,13,1,0,0,0,0,0,69,287,4.16,2,25,14,101,7.21,0,0,0,2,,,51,64.8,70.8,57.8,,63,,KellJo01
222,Elijah Moore,NYJ,WR,22,16,9,0,0,0,0,0,5,5,1,0,65,37,446,12.05,1,1,0,1,,,51,88.1,91.1,69.6,,88,,MoorEl00
223,Cade Otton,TAM,TE,23,16,11,0,0,0,0,0,0,0,,0,65,42,391,9.31,2,0,0,2,,,51,93.1,96.1,72.1,,31,,OttoCa00
224,Jamycal Hasty,JAX,RB,26,17,0,0,0,0,0,0,46,194,4.22,2,26,20,126,6.3,1,0,0,3,,,50,70,76,60,,64,,HastJa02
225,Tyler Huntley*,BAL,QB,24,6,4,75,112,658,2,3,43,137,3.19,1,0,0,0,,0,3,0,1,1,,50,50,59,53,,40,,HuntTy01
226,Jelani Woods,IND,TE,24,15,2,0,0,0,0,0,0,0,,0,40,25,312,12.48,3,1,0,3,,,49,74.2,77.2,61.7,,32,,WoodJe01
227,Randall Cobb,GNB,WR,32,13,3,0,0,0,0,0,0,0,,0,50,34,417,12.26,1,1,0,1,,,48,81.7,84.7,64.7,,90,,CobbRa00
228,Joe Flacco,NYJ,QB,37,5,4,110,191,1051,5,3,3,6,2,0,0,0,-3,,0,5,4,0,,,48,48.3,58.3,51.3,,41,,FlacJo00
229,Trenton Irwin,CIN,WR,27,9,2,0,0,0,0,0,1,11,11,0,23,15,231,15.4,4,0,0,4,,,48,63.2,66.2,55.7,,89,,IrwiTr00
230,Jauan Jennings,SFO,WR,25,16,4,0,0,0,0,0,0,0,,0,56,35,416,11.89,1,1,0,1,,,48,82.6,85.6,65.1,,91,,JennJa00
231,Rashaad Penny,SEA,RB,26,5,5,0,0,0,0,0,57,346,6.07,2,5,4,16,4,0,1,0,2,,,48,52.2,55.2,50.2,,65,,PennRa00
232,Kyle Pitts,ATL,TE,22,10,10,0,0,0,0,0,0,0,,0,59,28,356,12.71,2,0,0,2,,,48,75.6,78.6,61.6,,33,,PittKy00
233,Jamal Agnew*,JAX,WR,27,15,0,0,0,0,0,0,12,86,7.17,0,30,23,187,8.13,3,0,0,3,1,,47,70.3,73.3,58.8,,92,,AgneJa00
234,Rondale Moore,ARI,WR,22,8,8,0,0,0,0,0,6,-5,-0.83,0,56,41,414,10.1,1,0,0,1,,,47,87.9,90.9,67.4,,93,,MoorRo02
235,Julio Jones,TAM,WR,33,10,5,0,0,0,0,0,5,45,9,0,43,24,299,12.46,2,0,0,2,,,46,70.4,73.4,58.4,,94,,JoneJu02
236,Zonovan Knight,NYJ,RB,21,7,4,0,0,0,0,0,85,300,3.53,1,14,13,100,7.69,0,2,0,1,,,46,59,65,52.5,,66,,KnigZo00
237,Dante Pettis,CHI,WR,27,17,7,0,0,0,0,0,2,37,18.5,0,41,19,245,12.89,3,1,0,3,,,46,65.2,68.2,55.7,,95,,PettDa00
238,Laviska Shenault Jr.,CAR,WR,24,13,4,0,0,0,0,0,9,65,7.22,1,32,27,272,10.07,1,0,0,2,,,46,72.7,75.7,59.2,,96,,ShenLa00
239,Brock Wright,DET,TE,24,17,10,0,0,0,0,0,0,0,,0,24,18,216,12,4,0,0,4,,,46,63.6,66.6,54.6,,34,,WrigBr01
240,Tutu Atwell,LAR,WR,23,13,4,0,0,0,0,0,9,34,3.78,1,35,18,298,16.56,1,0,0,2,,,45,63.2,66.2,54.2,,98,,AtweTu00
241,Daniel Bellinger,NYG,TE,22,12,11,0,0,0,0,0,1,2,2,1,35,30,268,8.93,2,1,1,3,1,,45,75,79,60,,35,,BellDa00
242,Ben Skowronek,LAR,WR,25,14,11,0,0,0,0,0,1,17,17,1,61,39,376,9.64,0,0,0,1,,,45,84.3,87.3,64.8,,97,,SkowBe00
243,Nelson Agholor,NWE,WR,29,16,7,0,0,0,0,0,0,0,,0,53,31,362,11.68,2,2,2,2,,,44,75.2,80.2,59.7,,100,,AghoNe00
244,Ray-Ray McCloud,SFO,WR,26,17,2,0,0,0,0,0,4,78,19.5,1,25,14,243,17.36,1,2,0,2,,,44,58.1,61.1,51.1,,101,,McClRa00
245,Colby Parkinson,SEA,TE,23,17,2,0,0,0,0,0,0,0,,0,34,25,322,12.88,2,0,0,2,,,44,69.2,72.2,56.7,,36,,ParkCo02
246,Equanimeous St. Brown,CHI,WR,26,16,16,0,0,0,0,0,6,54,9,0,38,21,323,15.38,1,1,0,1,,,44,64.7,67.7,54.2,,102,,St.BEq00
247,Tyquan Thornton,NWE,WR,22,13,9,0,0,0,0,0,3,16,5.33,1,45,22,247,11.23,2,0,0,3,,,44,66.3,69.3,55.3,,99,,ThorTy00
248,Justin Watson,KAN,WR,26,17,5,0,0,0,0,0,0,0,,0,34,15,315,21,2,0,0,2,,,44,58.5,61.5,51,,103,,WatsJu01
249,Jameis Winston,NOR,QB,28,3,3,73,115,858,4,5,5,16,3.2,0,0,0,0,,0,3,0,0,,1,44,43.9,51.9,48.9,,42,,WinsJa00
250,Caleb Huntley,ATL,RB,24,12,0,0,0,0,0,0,76,366,4.82,1,2,2,3,1.5,0,1,0,1,,,43,44.9,47.9,43.9,,67,,HuntCa02
251,Hunter Renfrow,LVR,WR,27,10,1,0,0,0,0,0,0,0,,0,50,36,330,9.17,2,3,1,2,,,43,79,83,61,,104,,RenfHu00
252,Jarrett Stidham,LVR,QB,26,5,2,53,83,656,4,3,14,84,6,0,0,0,0,,0,3,1,0,,,43,42.6,49.6,45.6,,43,,StidJa00
253,Noah Gray,KAN,TE,23,17,8,0,0,0,0,0,1,1,1,1,34,28,299,10.68,1,0,0,2,,,42,70,73,56,,37,,GrayNo00
254,Elijah Mitchell,SFO,RB,24,5,1,0,0,0,0,0,45,279,6.2,2,4,3,7,2.33,0,0,0,2,,,41,43.6,46.6,42.1,,69,,MitcEl00
255,Boston Scott,PHI,RB,27,15,2,0,0,0,0,0,54,217,4.02,3,6,5,15,3,0,0,0,3,,,41,46.2,49.2,43.7,,68,,ScotBo02
256,Kadarius Toney,2TM,WR,23,9,4,0,0,0,0,0,7,82,11.71,1,20,16,171,10.69,2,1,1,3,,,41,57.3,61.3,49.3,,105,,ToneKa00
257,Braxton Berrios,NYJ,WR,27,17,2,1,1,2,1,0,9,91,10.11,2,32,18,145,8.06,0,1,0,2,,,40,57.7,60.7,48.7,,106,,BerrBr00
258,Matt Breida,NYG,RB,27,17,1,0,0,0,0,0,54,220,4.07,1,25,20,118,5.9,0,0,0,1,,,40,59.8,65.8,49.8,,71,,BreiMa00
259,Rex Burkhead,HOU,RB,32,16,0,0,1,0,0,0,26,80,3.08,0,51,37,204,5.51,1,0,0,2,,,40,77.4,80.4,58.9,,70,,BurkRe00
260,Shi Smith,CAR,WR,24,17,6,0,0,0,0,0,0,0,,0,41,22,296,13.45,2,4,1,2,,,40,61.6,65.6,50.6,,107,,SmitSh03
261,Rashod Bateman,BAL,WR,23,6,5,0,0,0,0,0,0,0,,0,28,15,285,19,2,1,1,2,,,39,53.5,57.5,46,,109,,BateRa00
262,Damiere Byrd,ATL,WR,29,14,4,0,0,0,0,0,0,0,,0,23,13,268,20.62,2,0,0,2,,,39,51.8,54.8,45.3,,108,,ByrdDa00
263,Justin Jackson,DET,RB,26,16,0,0,0,0,0,0,42,170,4.05,1,19,12,101,8.42,1,0,0,2,,,39,51.1,57.1,45.1,,72,,JackJu01
264,MyCole Pruitt,ATL,TE,30,13,4,0,0,0,0,0,0,0,,0,21,16,150,9.38,4,0,0,4,,,39,55,58,47,,38,,PruiMy00
265,Desmond Ridder,ATL,QB,23,4,4,73,115,708,2,0,16,64,4,0,0,0,0,,0,3,2,0,,,39,38.7,43.7,38.7,,45,,RiddDe00
266,P.J. Walker,CAR,QB,27,6,5,63,106,731,3,3,6,39,6.5,0,0,0,0,,0,0,0,0,,,39,39.1,45.1,42.1,,44,,WalkPh00
267,Bailey Zappe,NWE,QB,23,4,2,65,92,781,5,3,10,0,0,0,1,1,-6,-6,0,4,3,0,,,39,39.6,48.6,42.1,,46,,ZappBa00
268,Teddy Bridgewater,MIA,QB,30,5,2,49,79,683,4,4,3,27,9,0,0,0,0,,0,0,0,0,,,38,38,45,42,,47,,BridTe00
269,A.J. Green,ARI,WR,34,15,10,0,0,0,0,0,0,0,,0,47,24,236,9.83,2,0,0,2,1,,38,61.6,64.6,49.6,,110,,GreeA.00
270,Logan Thomas,WAS,TE,31,14,13,0,0,0,0,0,0,0,,0,61,39,323,8.28,1,0,0,1,,,38,77.3,80.3,57.8,,39,,ThomLo00
271,Gardner Minshew II,PHI,QB,26,5,2,44,76,663,3,3,7,3,0.43,1,0,0,0,,0,4,1,1,,,37,36.8,43.8,39.8,,48,,MinsGa00
272,Sam Ehlinger,IND,QB,24,4,3,64,101,573,3,3,17,87,5.12,0,0,0,0,,0,2,1,0,,,36,35.6,42.6,38.6,,49,,EhliSa00
273,Mo Alie-Cox,IND,TE,29,17,11,0,0,0,0,0,0,0,,0,28,19,189,9.95,3,1,1,3,,,35,53.9,57.9,44.4,,41,,AlieMo00
274,Kyle Juszczyk*,SFO,RB,31,16,12,0,0,0,0,0,7,26,3.71,1,23,19,200,10.53,1,0,0,2,,,35,53.6,56.6,44.1,,73,,JuszKy00
275,Jarvis Landry,NOR,WR,30,9,3,0,0,0,0,0,0,0,,0,39,25,272,10.88,1,1,0,1,1,,35,60.2,63.2,47.7,,111,,LandJa00
276,Michael Thomas,NOR,WR,29,3,3,0,0,0,0,0,0,0,,0,22,16,171,10.69,3,0,0,3,,,35,51.1,54.1,43.1,,112,,ThomMi05
277,C.J. Uzomah,NYJ,TE,29,15,13,0,0,0,0,0,0,0,,0,27,21,232,11.05,2,0,0,2,,,35,56.2,59.2,45.7,,40,,UzomC.00
278,Mark Ingram,NOR,RB,33,10,3,0,0,0,0,0,62,233,3.76,1,18,16,68,4.25,0,2,2,1,1,,34,50.1,55.1,42.1,,74,,IngrMa01
279,Tre'Quan Smith,NOR,WR,26,15,6,0,0,0,0,0,0,0,,0,27,19,278,14.63,1,0,0,1,,,34,52.8,55.8,43.3,,113,,SmitTr03
280,Raheem Blackshear,CAR,RB,23,13,1,0,0,0,0,0,23,77,3.35,3,12,10,93,9.3,0,1,1,3,,,33,43,44,38,,75,,BlacRa00
281,Trey McBride,ARI,TE,23,16,13,0,0,0,0,0,0,0,,0,39,29,265,9.14,1,1,0,1,,,33,61.5,64.5,47,,43,,McBrTr01
282,Colt McCoy,ARI,QB,36,4,3,90,132,780,1,3,14,36,2.57,0,0,0,0,,0,2,0,0,,,33,32.8,38.8,35.8,,50,,McCoCo00
283,Tommy Tremble,CAR,TE,22,17,4,0,0,0,0,0,0,0,,0,32,19,174,9.16,3,1,1,3,,,33,52.4,56.4,42.9,,42,,TremTo00
284,Chosen Anderson,2TM,WR,29,16,7,0,0,0,0,0,0,0,,0,44,20,282,14.1,1,1,1,1,,,32,52.2,56.2,42.2,,115,,AndeRo04
285,Phillip Dorsett,HOU,WR,29,15,4,0,1,0,0,0,0,0,,0,40,20,257,12.85,1,0,0,1,,,32,51.7,54.7,41.7,,116,,DorsPh00
286,Kendall Hinton,DEN,WR,25,12,5,0,0,0,0,0,2,13,6.5,0,33,24,311,12.96,0,0,0,0,,,32,56.4,59.4,44.4,,114,,HintKe00
287,Jordan Mason,SFO,RB,23,16,0,0,0,0,0,0,43,258,6,1,0,0,0,,0,0,0,1,,,32,31.8,34.8,31.8,,76,,MasoJo00
288,Harrison Bryant,CLE,TE,24,17,9,0,0,0,0,0,1,8,8,0,42,31,239,7.71,1,0,0,1,,,31,61.7,64.7,46.2,,44,,BryaHa00
289,Ty Johnson,NYJ,RB,25,17,1,0,0,0,0,0,30,160,5.33,1,24,12,88,7.33,0,0,0,1,,,31,42.8,45.8,36.8,,77,,JohnTy02
290,Sammy Watkins,2TM,WR,29,12,5,0,0,0,0,0,0,0,,0,27,16,325,20.31,0,1,1,0,,,31,46.5,50.5,38.5,,117,,WatkSa00
291,Kylen Granson,IND,TE,24,13,4,0,0,0,0,0,1,0,0,0,40,31,302,9.74,0,1,0,0,,,30,61.2,64.2,45.7,,45,,GranKy00
292,Justice Hill,BAL,RB,25,15,0,0,0,0,0,0,49,262,5.35,0,12,12,58,4.83,0,2,1,0,,,30,42,46,36,,79,,HillJu00
293,Marlon Mack,2TM,RB,26,8,0,0,0,0,0,0,16,84,5.25,1,10,8,99,12.38,1,0,0,2,,,30,38.3,38.3,34.3,,78,,MackMa00
294,Irv Smith Jr.,MIN,TE,24,8,1,0,0,0,0,0,0,0,,0,36,25,182,7.28,2,1,0,2,,,30,55.2,58.2,42.7,,46,,SmitIr01
295,Shane Zylstra,DET,TE,26,13,2,0,0,0,0,0,0,0,,0,15,11,60,5.45,4,0,0,4,,,30,41,41,35.5,,47,,ZylsSh00
296,Ameer Abdullah,LVR,RB,29,17,0,0,0,0,0,0,4,20,5,0,32,25,211,8.44,1,0,0,1,,,29,54.1,57.1,41.6,,81,,AbduAm00
297,DeeJay Dallas,SEA,RB,24,15,0,0,1,0,0,1,35,186,5.31,0,19,17,126,7.41,0,1,0,0,,,29,46.2,53.2,38.7,,80,,DallDe00
298,Jake Ferguson,DAL,TE,23,16,8,0,0,0,0,0,0,0,,0,22,19,174,9.16,2,0,0,2,,,29,48.4,51.4,38.9,,48,,FergJa00
299,Peyton Hendershot,DAL,TE,23,17,2,0,0,0,0,0,1,2,2,1,16,11,103,9.36,2,1,0,3,,,29,39.5,42.5,34,,49,,HendPe01
300,J.D. McKissic,WAS,RB,29,8,0,0,0,0,0,0,22,95,4.32,0,40,27,173,6.41,0,0,0,0,1,,29,55.8,58.8,42.3,,82,,McKiJ.00
301,Dare Ogunbowale,HOU,RB,28,17,4,0,0,0,0,0,42,123,2.93,1,26,20,104,5.2,0,0,0,1,,,29,48.7,54.7,38.7,,83,,OgunDa00
302,Wan'Dale Robinson,NYG,WR,21,6,3,0,0,0,0,0,2,-1,-0.5,0,31,23,227,9.87,1,0,0,1,,,29,51.6,54.6,40.1,,118,,RobiWa01
303,Dyami Brown,WAS,WR,23,15,0,0,0,0,0,0,1,15,15,0,14,5,143,28.6,2,0,0,2,,,28,32.8,35.8,30.3,,120,,BrowDy00
304,Malik Davis,DAL,RB,24,12,0,0,0,0,0,0,38,161,4.24,1,7,6,63,10.5,0,0,0,1,,,28,34.4,37.4,31.4,,84,,DaviMa02
305,Ashton Dulin,IND,WR,25,12,2,0,0,0,0,0,2,8,4,0,22,15,207,13.8,1,0,0,1,,,28,42.5,45.5,35,,121,,DuliAs00
306,KhaDarel Hodge,ATL,WR,27,17,1,0,0,0,0,0,0,0,,0,20,13,202,15.54,1,0,0,1,1,,28,41.2,44.2,34.7,,119,,HodgKh00
307,Travis Homer,SEA,RB,24,10,1,0,0,0,0,0,19,74,3.89,0,18,16,157,9.81,1,1,1,1,,,27,43.1,47.1,35.1,,85,,HomeTr00
308,O.J. Howard,HOU,TE,28,13,10,0,0,0,0,0,0,0,,0,23,10,145,14.5,2,0,0,2,,,27,36.5,39.5,31.5,,52,,HowaO.00
309,Velus Jones Jr.,CHI,WR,25,12,2,0,0,0,0,0,9,103,11.44,1,14,7,107,15.29,1,3,3,2,,,27,34,43,30.5,,122,,JoneVe00
310,Josh Oliver,BAL,TE,25,17,9,0,0,0,0,0,0,0,,0,25,14,149,10.64,2,0,0,2,,,27,40.9,43.9,33.9,,50,,OlivJo00
311,Adam Trautman,NOR,TE,25,15,12,0,0,0,0,0,0,0,,0,22,18,207,11.5,1,0,0,1,,,27,44.7,47.7,35.7,,51,,TrauAd00
312,Byron Pringle,CHI,WR,29,11,4,0,0,0,0,0,0,0,,0,16,10,135,13.5,2,0,0,2,,,26,35.5,38.5,30.5,,123,,PrinBy00
313,Javonte Williams,DEN,RB,22,4,4,0,0,0,0,0,47,204,4.34,0,22,16,76,4.75,0,1,1,0,,,26,42,46,34,,86,,WillJa10
314,Jonnu Smith,NWE,TE,27,14,8,0,0,0,0,0,1,5,5,0,38,27,245,9.07,0,1,0,0,,,25,52,55,38.5,,53,,SmitJo01
315,Durham Smythe,MIA,TE,27,16,15,0,0,0,0,0,2,1,0.5,1,20,15,129,8.6,1,0,0,2,,,25,40,43,32.5,,54,,SmytDu00
316,Gary Brightwell,NYG,RB,23,17,0,0,0,0,0,0,31,141,4.55,1,8,5,39,7.8,0,0,0,1,,,24,29,32,26.5,,87,,BrigGa00
317,Connor Heyward,PIT,TE,23,17,0,0,0,0,0,0,2,27,13.5,0,17,12,151,12.58,1,0,0,1,,,24,35.8,38.8,29.8,,55,,HeywCo00
318,Jalen Nailor,MIN,WR,23,15,0,0,0,0,0,0,0,0,,0,13,9,179,19.89,1,0,0,1,,,24,32.9,35.9,28.4,,125,,NailJa00
319,Brandon Powell,LAR,WR,27,17,6,0,0,0,0,0,17,80,4.71,0,32,24,156,6.5,0,1,0,0,,,24,47.6,50.6,35.6,,126,,PoweBr00
320,Khalil Shakir,BUF,WR,22,14,2,0,0,0,0,0,0,0,,0,20,10,161,16.1,1,0,0,1,1,,24,34.1,37.1,29.1,,124,,ShakKh00
321,Alec Ingold,MIA,RB,26,17,14,0,0,0,0,0,6,8,1.33,1,23,15,105,7,1,0,0,2,,,23,38.3,41.3,30.8,,88,,IngoAl01
322,Teagan Quitoriano,HOU,TE,22,9,6,0,0,0,0,0,0,0,,0,14,7,113,16.14,2,0,0,2,,,23,30.3,33.3,26.8,,56,,QuitTe00
323,Amari Rodgers,2TM,WR,23,16,1,0,0,0,0,0,2,7,3.5,0,25,16,204,12.75,1,6,2,1,,,23,39.1,44.1,31.1,,127,,RodgAm00
324,Marquez Callaway,NOR,WR,24,14,3,0,0,0,0,0,0,0,,0,32,16,158,9.88,1,0,0,1,,,22,37.8,40.8,29.8,,129,,CallMa01
325,River Cracraft,MIA,WR,28,11,0,0,0,0,0,0,0,0,,0,14,9,102,11.33,2,0,0,2,,,22,31.2,34.2,26.7,,128,,CracRi00
326,Craig Reynolds,DET,RB,26,9,0,0,0,0,0,0,23,102,4.43,0,10,9,116,12.89,0,0,0,0,,,22,30.8,36.8,26.3,,89,,ReynCr00
327,Kyren Williams,LAR,RB,22,10,0,0,0,0,0,0,35,139,3.97,0,12,9,76,8.44,0,0,0,0,,,22,30.5,33.5,26,,90,,WillKy02
328,David Bell,CLE,WR,22,16,3,0,0,0,0,0,0,0,,0,35,24,214,8.92,0,0,0,0,,,21,45.4,48.4,33.4,,130,,BellDa02
329,Joshua Dobbs,TEN,QB,27,2,2,40,68,411,2,2,8,44,5.5,0,0,0,0,,0,4,2,0,,,21,20.8,27.8,22.8,,51,,DobbJo00
330,Jody Fortson,KAN,TE,27,13,1,0,0,0,0,0,0,0,,0,13,9,108,12,2,1,1,2,,,21,29.8,33.8,25.3,,57,,FortJo01
331,C.J. Ham,MIN,RB,29,17,4,0,0,0,0,0,4,7,1.75,2,12,10,86,8.6,0,0,0,2,,,21,31.3,31.3,26.3,,91,,HamxC.00
332,Marcedes Lewis,GNB,TE,38,17,17,0,0,0,0,0,0,0,,0,7,6,66,11,2,0,0,2,1,,21,26.6,26.6,23.6,,59,,LewiMa00
333,Skyy Moore,KAN,WR,22,16,3,0,0,0,0,0,3,24,8,0,33,22,250,11.36,0,3,3,0,,,21,43.4,49.4,32.4,,131,,MoorSk01
334,Zach Pascal,PHI,WR,28,17,2,0,0,0,0,0,1,0,0,0,19,15,150,10,1,0,0,1,,,21,36,39,28.5,,133,,PascZa00
335,Eric Saubert,DEN,TE,28,17,6,0,0,0,0,0,0,0,,0,24,15,148,9.87,1,0,0,1,,,21,35.8,38.8,28.3,,58,,SaubEr00
336,Sterling Shepard,NYG,WR,29,3,2,0,0,0,0,0,0,0,,0,24,13,154,11.85,1,0,0,1,,,21,34.4,37.4,27.9,,132,,ShepSt00
337,Davis Webb,NYG,QB,27,1,1,23,40,168,1,0,6,41,6.83,1,0,0,0,,0,0,0,1,,,21,20.8,20.8,20.8,,52,,WebbDa00
338,Avery Williams,ATL,RB,24,17,3,0,0,0,0,0,22,109,4.95,1,14,13,61,4.69,0,1,1,1,,,21,34,38,27.5,,92,,WillAv02
339,Mike Boone,DEN,RB,27,9,0,0,0,0,0,0,24,102,4.25,0,15,9,96,10.67,0,0,0,0,,,20,28.8,31.8,24.3,,94,,BoonMi00
340,Keelan Cole,LVR,WR,29,14,3,0,0,0,0,0,0,0,,0,21,10,141,14.1,1,1,0,1,,,20,30.1,33.1,25.1,,134,,ColeKe00
341,Johnny Mundt,MIN,TE,28,17,12,0,0,0,0,0,0,0,,0,21,19,140,7.37,1,0,0,1,,,20,39,42,29.5,,60,,MundJo00
342,Pierre Strong,NWE,RB,24,15,0,0,0,0,0,0,10,100,10,1,7,7,42,6,0,0,0,1,,,20,27.2,30.2,23.7,,93,,StroPi00
343,Ian Thomas,CAR,TE,26,17,17,0,0,0,0,0,0,0,,0,30,21,197,9.38,0,0,0,0,,,20,40.7,43.7,30.2,,63,,ThomIa00
344,Eric Tomlinson,DEN,TE,30,17,12,0,0,0,0,0,0,0,,0,13,9,79,8.78,2,0,0,2,,,20,28.9,28.9,24.4,,61,,TomlEr01
345,Mitchell Wilcox,CIN,TE,26,16,4,0,0,0,0,0,0,0,,0,18,17,139,8.18,1,0,0,1,,,20,36.9,39.9,28.4,,62,,WilcMi01
346,David Blough,ARI,QB,27,2,2,38,58,402,2,2,4,5,1.25,0,0,0,0,,0,1,1,0,,,19,18.6,24.6,20.6,,54,,BlouDa00
347,Tevin Coleman,SFO,RB,29,5,0,0,0,0,0,0,12,26,2.17,1,3,3,44,14.67,1,0,0,2,,,19,22,22,20.5,,96,,ColeTe01
348,KJ Hamler,DEN,WR,23,7,0,0,0,0,0,0,2,23,11.5,0,14,7,165,23.57,0,0,0,0,,,19,25.8,28.8,22.3,,137,,HamlKJ00
349,Scott Miller,TAM,WR,25,15,1,0,0,0,0,0,1,8,8,0,40,23,185,8.04,0,0,0,0,,,19,42.3,45.3,30.8,,135,,MillSc01
350,Denzel Mims,NYJ,WR,25,10,4,0,0,0,0,0,0,0,,0,25,11,186,16.91,0,0,0,0,,,19,29.6,32.6,24.1,,138,,MimsDe00
351,Donald Parham,LAC,TE,25,6,1,0,0,0,0,0,0,0,,0,12,10,130,13,1,0,0,1,,,19,29,32,24,,64,,ParhDo00
352,Jalen Reagor,MIN,WR,23,17,0,0,0,0,0,0,4,25,6.25,0,13,8,104,13,1,4,0,1,,,19,26.9,29.9,22.9,,136,,ReagJa00
353,Jonathan Williams,WAS,RB,28,13,2,0,0,0,0,0,37,152,4.11,0,10,7,40,5.71,0,0,0,0,,,19,26.2,29.2,22.7,,95,,WillJo07
354,Malik Willis,TEN,QB,23,8,3,31,61,276,0,3,27,123,4.56,1,0,0,0,,0,3,2,1,,,19,19.3,27.3,22.3,,53,,WillMa12
355,Brandon Bolden,LVR,RB,32,16,0,0,0,0,0,0,17,66,3.88,0,9,9,57,6.33,1,0,0,1,,,18,27.3,27.3,22.8,,97,,BoldBr00
356,Malcolm Brown,LAR,RB,29,11,0,0,0,0,0,0,18,81,4.5,1,6,5,37,7.4,0,0,0,1,,,18,22.8,22.8,20.3,,98,,BrowMa03
357,Lawrence Cager,2TM,TE,25,7,4,0,0,0,0,0,0,0,,0,19,13,118,9.08,1,0,0,1,,,18,30.8,33.8,24.3,,65,,CageLa01
358,N'Keal Harry,CHI,WR,25,7,0,0,0,0,0,0,0,0,,0,9,7,116,16.57,1,0,0,1,,,18,24.6,27.6,21.1,,139,,HarrNK00
359,Sam Howell,WAS,QB,22,1,1,11,19,169,1,1,5,35,7,1,0,0,0,,0,0,0,1,,,18,18.3,19.3,19.3,,55,,HoweSa00
360,Brett Rypien,DEN,QB,26,4,2,53,88,483,2,4,6,7,1.17,0,0,0,0,,0,4,1,0,,,18,18,26,22,,56,,RypiBr00
361,John Bates,WAS,TE,25,16,7,0,0,0,0,0,0,0,,0,22,14,108,7.71,1,1,0,1,,,17,30.8,33.8,23.8,,68,,BateJo00
362,Cameron Brate,TAM,TE,31,11,1,0,0,0,0,0,0,0,,0,38,20,174,8.7,0,0,0,0,,,17,37.4,40.4,27.4,,66,,BratCa00
363,Corey Clement,ARI,RB,28,9,1,0,0,0,0,0,15,55,3.67,1,7,5,54,10.8,0,0,0,1,,,17,21.9,21.9,19.4,,100,,ClemCo00
364,Ross Dwelley,SFO,TE,27,12,0,0,0,0,0,0,0,0,,0,5,3,105,35,1,0,0,1,,,17,19.5,22.5,18,,69,,DwelRo00
365,James Mitchell,DET,TE,23,14,0,0,0,0,0,0,0,0,,0,11,11,113,10.27,1,0,0,1,,,17,28.3,31.3,22.8,,67,,MitcJa00
366,Steven Sims,PIT,WR,25,12,2,0,0,0,0,0,13,70,5.38,0,23,14,104,7.43,0,3,0,0,,,17,31.4,34.4,24.4,,140,,SimsSt00
367,Benny Snell Jr.,PIT,RB,24,17,0,0,0,0,0,0,20,90,4.5,1,2,2,17,8.5,0,0,0,1,,,17,18.7,18.7,17.7,,101,,SnelBe00
368,Skylar Thompson,MIA,QB,25,7,2,60,105,534,1,3,14,21,1.5,0,0,0,0,,0,2,2,0,,,17,17.5,25.5,20.5,,57,,ThomSk00
369,Darrel Williams,ARI,RB,27,6,0,0,0,0,0,0,21,102,4.86,1,8,4,9,2.25,0,0,0,1,,,17,21.1,24.1,19.1,,99,,WillDa10
370,Kyle Allen,HOU,QB,26,2,2,46,78,416,2,4,6,13,2.17,0,0,0,0,,0,4,1,0,,,16,15.9,23.9,19.9,,59,,AlleKy00
371,Jeff Driskel,HOU,QB,29,7,2,14,20,108,1,0,20,75,3.75,0,1,1,4,4,0,0,0,0,,,16,17.2,17.2,16.7,,58,,DrisJe00
372,Sony Michel,LAC,RB,27,10,0,0,0,0,0,0,36,106,2.94,0,13,9,53,5.89,0,0,0,0,,,16,24.9,27.9,20.4,,102,,MichSo00
373,Albert Okwuegbunam,DEN,TE,24,8,1,0,0,0,0,0,0,0,,0,18,10,95,9.5,1,0,0,1,,,16,25.5,25.5,20.5,,70,,OkwuAl00
374,Hassan Haskins,TEN,RB,23,15,1,0,0,0,0,0,25,93,3.72,0,12,11,57,5.18,0,0,0,0,,,15,26,26,20.5,,105,,HaskHa00
375,DeSean Jackson,BAL,WR,36,7,1,0,0,0,0,0,0,0,,0,17,9,153,17,0,0,0,0,,,15,24.3,27.3,19.8,,141,,JackDe00
376,Ronald Jones II,KAN,RB,25,6,0,0,0,0,0,0,17,70,4.12,1,1,1,22,22,0,0,0,1,,,15,16.2,16.2,15.7,,103,,JoneRo01
377,Bryce Perkins,LAR,QB,26,5,1,19,34,161,1,2,19,90,4.74,0,0,0,0,,0,0,0,0,,,15,15.4,17.4,17.4,,60,,PerkBr02
378,Anthony Schwartz,CLE,WR,22,11,1,0,0,0,0,0,4,57,14.25,1,10,4,51,12.75,0,1,1,1,,,15,18.8,19.8,16.8,,142,,SchwAn00
379,Derek Watt,PIT,RB,30,17,3,0,0,0,0,0,9,21,2.33,1,5,5,11,2.2,1,0,0,2,,,15,20.2,20.2,17.7,,104,,WattDe00
380,John Wolford,LAR,QB,27,3,3,38,62,390,1,3,8,32,4,0,0,0,0,,0,3,1,0,,,15,14.8,21.8,17.8,,61,,WolfJo00
381,Dan Arnold,JAX,TE,27,17,0,0,0,0,0,0,0,0,,0,13,9,135,15,0,0,0,0,,,14,22.5,25.5,18,,72,,ArnoDa00
382,Kenny Golladay,NYG,WR,29,12,4,0,0,0,0,0,0,0,,0,17,6,81,13.5,1,0,0,1,,,14,20.1,20.1,17.1,,146,,GollKe00
383,Zander Horvath,LAC,RB,24,15,2,0,0,0,0,0,4,8,2,0,8,5,8,1.6,2,0,0,2,,,14,18.6,18.6,16.1,,107,,HorvZa00
384,Keaontay Ingram,ARI,RB,23,12,0,0,0,0,0,0,27,60,2.22,1,5,4,21,5.25,0,0,0,1,,,14,18.1,18.1,16.1,,106,,IngrKe01
385,Tom Kennedy,DET,WR,26,7,1,0,0,0,0,0,0,0,,0,15,8,141,17.63,0,0,0,0,,,14,22.1,25.1,18.1,,147,,KennTo01
386,Ko Kieft,TAM,TE,24,17,12,0,0,0,0,0,0,0,,0,10,7,80,11.43,1,0,0,1,,,14,21,21,17.5,,71,,KiefKo00
387,Breshad Perriman,TAM,WR,29,11,3,0,0,0,0,0,2,-7,-3.5,0,19,9,110,12.22,1,2,1,1,,,14,23.3,27.3,18.8,,144,,PerrBr02
388,Samori Toure,GNB,WR,24,11,2,0,0,0,0,0,0,0,,0,10,5,82,16.4,1,1,0,1,,,14,19.2,19.2,16.7,,145,,TourSa00
389,Jameson Williams,DET,WR,21,6,0,0,0,0,0,0,1,40,40,0,9,1,41,41,1,0,0,1,,,14,15.1,15.1,14.6,,148,,WillJa11
390,Cedrick Wilson Jr.,MIA,WR,27,15,0,0,0,0,0,0,1,8,8,0,18,12,136,11.33,0,0,0,0,,,14,26.4,29.4,20.4,,143,,WilsCe01
391,Salvon Ahmed,MIA,RB,24,12,0,0,0,0,0,0,12,64,5.33,1,1,1,8,8,0,0,0,1,,,13,14.2,14.2,13.7,,108,,AhmeSa01
392,Royce Freeman,HOU,RB,26,4,1,0,0,0,0,0,41,117,2.85,0,8,6,33,5.5,0,1,1,0,,,13,19,23,16,,109,,FreeRo00
393,Zach Gentry,PIT,TE,26,17,13,0,0,0,0,0,0,0,,0,23,19,132,6.95,0,0,0,0,,,13,32.2,35.2,22.7,,73,,GentZa00
394,Reggie Gilliam,BUF,RB,25,15,4,0,0,0,0,0,0,0,,0,10,8,69,8.63,1,0,0,1,,,13,20.9,20.9,16.9,,110,,GillRe00
395,Tanner Hudson,NYG,TE,28,11,0,0,0,0,0,0,0,0,,0,15,10,132,13.2,0,0,0,0,,,13,23.2,26.2,18.2,,74,,HudsTa00
396,Brevin Jordan,HOU,TE,22,11,3,0,0,0,0,0,0,0,,0,28,14,128,9.14,0,0,0,0,,,13,26.8,29.8,19.8,,75,,JordBr00
397,Chris Myarick,NYG,RB,27,16,8,0,0,0,0,0,0,0,,0,8,7,65,9.29,1,0,0,1,,,13,19.5,19.5,16,,111,,MyarCh00
398,Jeff Smith,NYJ,WR,25,11,0,0,0,0,0,0,0,0,,0,11,8,134,16.75,0,0,0,0,,,13,21.4,24.4,17.4,,149,,SmitJe03
399,Pharaoh Brown,2TM,TE,28,16,8,0,0,0,0,0,0,0,,0,20,12,117,9.75,0,0,0,0,,,12,23.7,26.7,17.7,,79,,BrowPh01
400,T.Y. Hilton,DAL,WR,33,3,0,0,0,0,0,0,0,0,,0,10,7,121,17.29,0,0,0,0,,,12,19.1,22.1,15.6,,150,,HiltT.00
401,Trey Lance,SFO,QB,22,2,2,15,31,194,0,1,16,67,4.19,0,0,0,0,,0,1,0,0,,,12,12.5,13.5,13.5,,62,,LancTr00
402,Jordan Love,GNB,QB,24,4,0,14,21,195,1,0,1,-1,-1,0,0,0,0,,0,0,0,0,,,12,11.7,11.7,11.7,,64,,LoveJo03
403,Quintin Morris,BUF,TE,23,14,1,0,0,0,0,0,0,0,,0,11,8,84,10.5,1,1,1,1,,,12,20.4,21.4,16.4,,76,,MorrQu00
404,Nick Mullens,MIN,QB,27,4,0,21,25,224,1,1,4,8,2,0,0,0,0,,0,0,0,0,,,12,11.8,12.8,12.8,,63,,MullNi00
405,Jack Stoll,PHI,TE,24,17,11,0,0,0,0,0,0,0,,0,14,11,123,11.18,0,0,0,0,,,12,23.3,26.3,17.8,,77,,StolJa00
406,Geoff Swaim,TEN,TE,29,17,13,0,0,0,0,0,0,0,,0,16,12,58,4.83,1,0,0,1,,,12,23.8,23.8,17.8,,78,,SwaiGe00
407,Jalen Virgil,DEN,WR,24,9,1,0,0,0,0,0,0,0,,0,5,2,75,37.5,1,1,1,1,,,12,13.5,14.5,12.5,,151,,VirgJa00
408,Josiah Deguara,GNB,TE,25,17,3,0,0,0,0,0,0,0,,0,15,13,114,8.77,0,0,0,0,,,11,24.4,27.4,17.9,,80,,DeguJo00
409,Kevin Harris,NWE,RB,22,5,1,0,0,0,0,0,18,52,2.89,1,0,0,0,,0,0,0,1,,,11,11.2,11.2,11.2,,112,,HarrKe01
410,Brycen Hopkins,LAR,TE,25,14,1,0,0,0,0,0,0,0,,0,11,7,109,15.57,0,0,0,0,,,11,17.9,20.9,14.4,,81,,HopkBr01
411,David Sills,NYG,WR,26,9,5,0,0,0,0,0,0,0,,0,17,11,106,9.64,0,0,0,0,,,11,21.6,24.6,16.1,,152,,SillDa01
412,Tyrod Taylor,NYG,QB,33,3,0,6,8,58,1,1,5,70,14,0,0,0,0,,0,2,1,0,,1,11,11.3,13.3,12.3,,65,,TaylTy00
413,John Brown,BUF,WR,32,3,0,0,0,0,0,0,0,0,,0,2,1,42,42,1,0,0,1,,,10,11.2,11.2,10.7,,153,,BrowJo02
414,Snoop Conner,JAX,RB,22,8,0,0,0,0,0,0,12,42,3.5,1,0,0,0,,0,0,0,1,,,10,10.2,10.2,10.2,,113,,ConnSn00
415,Tyrion Davis-Price,SFO,RB,22,6,0,0,0,0,0,0,34,99,2.91,0,2,0,0,,0,0,0,0,,,10,9.9,9.9,9.9,,115,,DaviTy03
416,Chris Evans,CIN,RB,25,12,0,0,0,0,0,0,0,0,,0,4,3,38,12.67,1,0,0,1,,,10,12.8,12.8,11.3,,116,,EvanCh02
417,Darrynton Evans,CHI,RB,24,6,0,0,0,0,0,0,14,64,4.57,0,1,1,33,33,0,0,0,0,,,10,10.7,10.7,10.2,,117,,EvanDa02
418,Anthony Firkser,ATL,TE,27,11,1,0,0,0,0,0,0,0,,0,13,9,100,11.11,0,0,0,0,,,10,19,22,14.5,,82,,FirkAn00
419,Marcus Johnson,NYG,WR,28,14,7,0,0,0,0,0,0,0,,0,22,9,99,11,0,0,0,0,,,10,18.9,18.9,14.4,,154,,JohnMa07
420,Dax Milne,WAS,WR,23,15,1,0,0,0,0,0,0,0,,0,7,6,37,6.17,1,1,0,1,,,10,15.7,15.7,12.7,,155,,MilnDa00
421,Kene Nwangwu,MIN,RB,24,17,0,0,0,0,0,0,9,14,1.56,0,2,2,21,10.5,0,0,0,1,,,10,11.5,11.5,10.5,,118,,NwanKe00
422,Giovanni Ricci,CAR,RB,26,15,3,0,0,0,0,0,0,0,,0,9,8,100,12.5,0,0,0,0,,,10,18,21,14,,114,,RiccGi00
423,Trevor Siemian,CHI,QB,31,2,1,15,26,184,1,1,4,8,2,0,0,0,0,,0,0,0,0,,,10,10.2,11.2,11.2,,66,,SiemTr00
424,Michael Bandy,LAC,WR,25,10,2,0,0,0,0,0,0,0,,0,21,10,89,8.9,0,0,0,0,,,9,18.9,18.9,13.9,,156,,BandMi00
425,Parker Hesse,ATL,TE,27,17,7,0,0,0,0,0,0,0,,0,11,9,89,9.89,0,0,0,0,,,9,17.9,17.9,13.4,,84,,HessPa00
426,Phillip Lindsay,IND,RB,28,3,0,0,0,0,0,0,15,49,3.27,0,8,6,19,3.17,0,0,0,0,1,,9,14.8,14.8,11.8,,120,,LindPh00
427,Trace McSorley,ARI,QB,27,6,1,45,83,412,0,5,15,61,4.07,0,0,0,0,,0,2,2,0,,,9,8.6,18.6,13.6,,68,,McSoTr00
428,Patrick Ricard*,BAL,RB,28,17,16,0,0,0,0,0,7,16,2.29,0,13,11,74,6.73,0,0,0,0,,,9,20,20,14.5,,119,,RicaPa00
429,Armani Rogers,WAS,TE,25,11,3,0,0,0,0,0,2,26,13,0,6,5,64,12.8,0,0,0,0,,,9,14,14,11.5,,83,,RogeAr00
430,Kyle Rudolph,TAM,TE,33,9,0,0,0,0,0,0,0,0,,0,5,3,28,9.33,1,0,0,1,,,9,11.8,11.8,10.3,,85,,RudoKy00
431,Cam Sims,WAS,WR,26,17,3,0,0,0,0,0,0,0,,0,18,8,89,11.13,0,0,0,0,,,9,16.9,16.9,12.9,,157,,SimsCa00
432,Chris Streveler,NYJ,QB,27,2,1,10,15,90,0,0,9,54,6,0,0,0,0,,0,1,0,0,,,9,9,9,9,,67,,StreCh00
433,Jordan Wilkins,IND,RB,28,4,0,0,0,0,0,0,13,58,4.46,0,8,6,29,4.83,0,0,0,0,,,9,14.7,14.7,11.7,,121,,WilkJo01
434,Tyler Badie,DEN,RB,22,1,0,0,0,0,0,0,1,0,0,0,1,1,24,24,1,0,0,1,,,8,9.4,9.4,8.9,,122,,BadiTy00
435,Blake Bell,KAN,TE,31,3,1,0,0,0,0,0,0,0,,0,2,2,20,10,1,0,0,1,,,8,10,10,9,,87,,BellBl00
436,Grant Calcaterra,PHI,TE,24,15,2,0,0,0,0,0,0,0,,0,9,5,81,16.2,0,0,0,0,,,8,13.1,13.1,10.6,,86,,CalcGr00
437,Chase Daniel,LAC,QB,36,4,0,8,12,52,1,0,1,4,4,0,0,0,0,,0,0,0,0,,1,8,8.5,8.5,8.5,,69,,DaniCh00
438,Brandon Johnson,DEN,WR,24,7,1,0,0,0,0,0,0,0,,0,14,6,42,7,1,1,1,1,,,8,14.2,15.2,11.2,,158,,JohnBr23
439,Jaret Patterson,WAS,RB,23,3,0,0,0,0,0,0,17,78,4.59,0,1,0,0,,0,0,0,0,,,8,7.8,7.8,7.8,,123,,PattJa01
440,Nathan Peterman,CHI,QB,28,3,1,14,25,139,1,1,2,7,3.5,0,0,0,0,,0,0,0,0,,,8,8.3,9.3,9.3,,70,,PeteNa00
441,Andrew Beck,DEN,TE,26,13,4,0,0,0,0,0,2,0,0,0,11,5,69,13.8,0,0,0,0,,,7,11.9,11.9,9.4,,89,,BeckAn01
442,D'Wayne Eskridge,SEA,WR,25,10,0,0,0,0,0,0,2,10,5,0,13,7,58,8.29,0,0,0,0,,,7,13.8,13.8,10.3,,163,,EskrDW00
443,Tyler Mabry,SEA,TE,26,2,0,0,0,0,0,0,0,0,,0,1,1,7,7,1,0,0,1,,,7,7.7,7.7,7.2,,90,,MabrTy00
444,Tre' McKitty,LAC,TE,23,17,8,0,0,0,0,0,0,0,,0,18,10,72,7.2,0,1,0,0,,,7,17.2,17.2,12.2,,88,,McKiTr00
445,Ty Montgomery,NWE,WR,29,1,0,0,0,0,0,0,2,-2,-1,0,4,3,15,5,1,0,0,1,,,7,10.3,10.3,8.8,,161,,MontTy01
446,Gunner Olszewski,PIT,WR,26,16,2,0,0,0,0,0,8,39,4.88,0,7,5,53,10.6,0,2,1,0,,,7,12.2,13.2,9.7,,162,,OlszGu00
447,Freddie Swain,2TM,WR,24,4,1,0,0,0,0,0,0,0,,0,6,4,74,18.5,0,1,0,0,,,7,11.4,11.4,9.4,,159,,SwaiFr00
448,Ke'Shawn Vaughn,TAM,RB,25,15,0,0,0,0,0,0,17,53,3.12,0,4,3,19,6.33,0,0,0,0,,,7,10.2,10.2,8.7,,124,,VaugKe00
449,Kevin White,NOR,WR,30,7,2,0,0,0,0,0,0,0,,0,5,2,74,37,0,0,0,0,,,7,9.4,9.4,8.4,,160,,WhitKe00
450,Zamir White,LVR,RB,23,14,0,0,0,0,0,0,17,70,4.12,0,0,0,0,,0,0,0,0,,,7,7,7,7,,125,,WhitZa01
451,Anthony Brown,BAL,QB,24,2,1,22,49,302,0,2,3,-5,-1.67,0,0,0,0,,0,1,1,0,,,6,5.6,11.6,7.6,,71,,BrowAn06
452,Jamison Crowder,BUF,WR,29,4,0,0,0,0,0,0,0,0,,0,13,6,60,10,0,1,0,0,,,6,12,12,9,,166,,CrowJa00
453,Jalen Guyton,LAC,WR,25,3,0,0,0,0,0,0,0,0,,0,4,2,64,32,0,0,0,0,,,6,8.4,8.4,7.4,,164,,GuytJa01
454,Tyler Kroft,SFO,TE,30,11,4,0,0,0,0,0,0,0,,0,5,4,57,14.25,0,0,0,0,,,6,9.7,9.7,7.7,,91,,KrofTy00
455,Jake Kumerow,BUF,WR,30,6,1,0,0,0,0,0,0,0,,0,7,4,64,16,0,0,0,0,,,6,10.4,10.4,8.4,,165,,KumeJa00
456,Mike Strachan,IND,WR,25,13,0,0,0,0,0,0,0,0,,0,9,3,59,19.67,0,0,0,0,,,6,8.9,8.9,7.4,,167,,StraMi03
457,Trent Taylor,CIN,WR,28,16,1,0,0,0,0,0,4,15,3.75,0,10,6,62,10.33,0,2,1,0,,,6,11.7,12.7,8.7,,170,,TaylTr02
458,Deven Thompkins,TAM,WR,23,5,1,0,0,0,0,0,2,26,13,0,10,5,32,6.4,0,1,0,0,,,6,10.8,10.8,8.3,,168,,ThomDe07
459,Mike Thomas,CIN,WR,28,10,2,0,0,0,0,0,0,0,,0,10,2,38,19,0,0,0,0,1,,6,7.8,7.8,6.8,,169,,ThomMi04
460,Nick Vannett,2TM,TE,29,9,3,0,0,0,0,0,0,0,,0,9,6,55,9.17,0,0,0,0,,,6,11.5,11.5,8.5,,92,,VannNi00
461,Trayveon Williams,CIN,RB,25,8,0,0,0,0,0,0,6,30,5,0,3,2,30,15,0,0,0,0,,,6,8,8,7,,126,,WillTr06
462,Andre Baccellia,ARI,WR,25,8,0,0,0,0,0,0,0,0,,0,10,7,45,6.43,0,0,0,0,,,5,11.5,11.5,8,,173,,BaccAn00
463,Spencer Brown,CAR,RB,24,2,0,0,0,0,0,0,9,43,4.78,0,4,2,10,5,0,0,0,0,,,5,7.3,7.3,6.3,,130,,BrowSp01
464,Julius Chestnut,TEN,RB,22,6,0,0,0,0,0,0,9,12,1.33,0,3,3,41,13.67,0,0,0,0,,,5,8.3,8.3,6.8,,131,,ChesJu00
465,Chris Conley,2TM,WR,30,9,1,0,0,0,0,0,0,0,,0,7,4,46,11.5,0,0,0,0,,,5,8.6,8.6,6.6,,172,,ConlCh00
466,Blaine Gabbert,TAM,QB,33,1,0,6,8,29,1,0,0,0,,0,0,0,0,,0,0,0,0,,,5,5.2,5.2,5.2,,72,,GabbBl00
467,Myles Gaskin,MIA,RB,25,4,0,0,0,0,0,0,10,26,2.6,0,6,4,28,7,0,0,0,0,,,5,9.4,9.4,7.4,,127,,GaskMy00
468,Cody Hollister,TEN,WR,29,11,3,0,0,0,0,0,0,0,,0,5,3,54,18,0,0,0,0,,,5,8.4,8.4,6.9,,171,,HollCo00
469,David Johnson,NOR,RB,31,5,0,0,0,0,0,0,12,24,2,0,4,4,47,11.75,0,1,1,0,,,5,9.1,10.1,7.1,,132,,JohnDa08
470,Tony Jones,2TM,RB,25,6,0,0,0,0,0,0,10,24,2.4,0,8,5,30,6,0,0,0,0,,,5,10.4,10.4,7.9,,128,,JoneTo04
471,Charlie Kolar,BAL,TE,23,2,0,0,0,0,0,0,0,0,,0,6,4,49,12.25,0,0,0,0,,,5,8.9,8.9,6.9,,93,,KolaCh00
472,Ronnie Rivers,LAR,RB,23,8,1,0,0,0,0,0,9,21,2.33,0,5,5,29,5.8,0,0,0,0,,,5,10,10,7.5,,133,,RiveRo01
473,Isaiah Spiller,LAC,RB,21,6,0,0,0,0,0,0,18,41,2.28,0,3,3,13,4.33,0,0,0,0,,,5,8.4,8.4,6.9,,129,,SpilIs00
474,Stephen Sullivan,CAR,TE,26,14,0,0,0,0,0,0,0,0,,0,6,2,46,23,0,0,0,0,,,5,6.6,6.6,5.6,,94,,SullSt00
475,Patrick Taylor,GNB,RB,24,14,0,0,0,0,0,0,10,31,3.1,0,1,1,17,17,0,0,0,0,,,5,5.8,5.8,5.3,,134,,TaylPa01
476,Dwayne Washington,NOR,RB,28,12,0,0,0,0,0,0,11,38,3.45,0,1,1,7,7,0,0,0,0,,,5,5.5,5.5,5,,135,,WashDw00
477,Trevon Wesco,CHI,TE,27,14,1,0,0,0,0,0,0,0,,0,4,2,26,13,0,0,0,0,1,,5,6.6,6.6,5.6,,95,,WescTr00
478,Cole Beasley,2TM,WR,33,4,1,0,0,0,0,0,0,0,,0,7,6,35,5.83,0,0,0,0,,,4,9.5,9.5,6.5,,179,,BeasCo00
479,Kendall Blanton,LAR,TE,27,4,0,0,0,0,0,0,0,0,,0,2,2,35,17.5,0,0,0,0,,,4,5.5,5.5,4.5,,98,,BlanKe01
480,Trestan Ebner,CHI,RB,23,17,0,0,0,0,0,0,24,54,2.25,0,8,2,8,4,0,2,1,0,,,4,6.2,7.2,5.2,,136,,EbneTr00
481,Luke Farrell,JAX,TE,25,17,0,0,0,0,0,0,0,0,,0,4,4,40,10,0,0,0,0,,,4,8,8,6,,97,,FarrLu00
482,Chris Manhertz,JAX,TE,30,17,11,0,0,0,0,0,0,0,,0,8,6,42,7,0,0,0,0,,,4,10.2,10.2,7.2,,96,,ManhCh00
483,Anthony McFarland Jr.,PIT,RB,23,1,0,0,0,0,0,0,6,30,5,0,2,2,11,5.5,0,0,0,0,,,4,6.1,6.1,5.1,,137,,McFaAn00
484,Racey McMath,TEN,WR,23,5,0,0,0,0,0,0,1,4,4,0,8,2,40,20,0,0,0,0,,,4,6.4,6.4,5.4,,174,,McMaRa00
485,Kyle Philips,TEN,WR,23,4,0,0,0,0,0,0,0,0,,0,13,8,78,9.75,0,2,2,0,,,4,11.8,13.8,7.8,,178,,PhilKy01
486,James Proche,BAL,WR,26,15,0,0,1,0,0,1,0,0,,0,17,8,62,7.75,0,0,0,0,,,4,12.2,13.2,9.2,,175,,ProcJa00
487,Laquon Treadwell,SEA,WR,27,6,0,0,0,0,0,0,0,0,,0,10,6,42,7,0,0,0,0,,,4,10.2,10.2,7.2,,176,,TreaLa00
488,Michael Woods II,CLE,WR,22,10,0,0,0,0,0,0,1,-5,-5,0,10,5,45,9,0,0,0,0,,,4,9,9,6.5,,177,,WoodMi00
489,Daylen Baldwin,CLE,WR,23,1,0,0,0,0,0,0,0,0,,0,2,2,25,12.5,0,0,0,0,,,3,4.5,4.5,3.5,,185,,BaldDa01
490,Giovani Bernard,TAM,RB,31,8,0,0,0,0,0,0,8,28,3.5,0,2,2,-1,-0.5,0,1,0,0,,,3,4.7,4.7,3.7,,140,,BernGi00
491,Tyrie Cleveland,DEN,WR,25,6,0,0,0,0,0,0,0,0,,0,7,2,28,14,0,0,0,0,,,3,4.8,4.8,3.8,,182,,ClevTy00
492,Jaelon Darden,2TM,WR,23,14,0,0,0,0,0,0,1,2,2,0,2,2,26,13,0,0,0,0,,,3,4.8,4.8,3.8,,183,,DardJa00
493,Tyler Davis,GNB,TE,25,17,1,0,0,0,0,0,0,0,,0,7,4,26,6.5,0,0,0,0,,,3,6.6,6.6,4.6,,99,,DaviTy02
494,Ben Ellefson,MIN,TE,26,4,1,0,0,0,0,0,0,0,,0,3,3,26,8.67,0,0,0,0,,,3,5.6,5.6,4.1,,100,,ElleBe00
495,Ryan Griffin,CHI,TE,32,15,0,0,0,0,0,0,0,0,,0,8,4,26,6.5,0,0,0,0,,,3,6.6,6.6,4.6,,101,,GrifRy00
496,Tim Jones,JAX,WR,24,17,1,0,0,0,0,0,0,0,,0,4,3,30,10,0,0,0,0,,,3,6,6,4.5,,181,,JoneTi00
497,Larry Rountree,LAC,RB,23,4,0,0,0,0,0,0,13,19,1.46,0,2,2,14,7,0,0,0,0,,,3,5.3,5.3,4.3,,138,,RounLa00
498,DJ Turner,LVR,WR,25,9,0,0,0,0,0,0,4,26,6.5,0,1,0,0,,0,1,0,0,,,3,2.6,2.6,2.6,,184,,TurnDJ00
499,Tylan Wallace,BAL,WR,23,9,0,0,0,0,0,0,0,0,,0,7,4,33,8.25,0,0,0,0,,,3,7.3,7.3,5.3,,180,,WallTy00
500,Jonathan Ward,2TM,RB,25,8,0,0,0,0,0,0,5,25,5,0,3,2,7,3.5,0,0,0,0,,,3,5.2,5.2,4.2,,139,,WardJo00
501,Michael Burton,KAN,RB,30,17,0,0,0,0,0,0,5,7,1.4,0,3,2,11,5.5,0,0,0,0,,,2,3.8,3.8,2.8,,146,,BurtMi00
502,Quintez Cephus,DET,WR,24,4,1,0,0,0,0,0,0,0,,0,3,2,15,7.5,0,0,0,0,,,2,3.5,3.5,2.5,,198,,CephQu00
503,Ty Chandler,MIN,RB,24,3,0,0,0,0,0,0,6,20,3.33,0,0,0,0,,0,0,0,0,,,2,2,2,2,,143,,ChanTy01
504,Pharoh Cooper,ARI,WR,27,5,1,0,0,0,0,0,4,15,3.75,0,2,2,6,3,0,0,0,0,,,2,4.1,4.1,3.1,,190,,CoopPh00
505,Frank Darby,ATL,WR,25,5,0,0,0,0,0,0,0,0,,0,1,1,15,15,0,0,0,0,,,2,2.5,2.5,2,,199,,DarbFr00
506,Mike Davis,BAL,RB,29,8,0,0,0,0,0,0,8,18,2.25,0,2,2,4,2,0,1,0,0,,,2,4.2,4.2,3.2,,142,,DaviMi01
507,Bryan Edwards,ATL,WR,24,7,1,0,0,0,0,0,0,0,,0,5,3,15,5,0,0,0,0,,,2,4.5,4.5,3,,200,,EdwaBr01
508,Simi Fehoko,DAL,WR,25,5,0,0,0,0,0,0,0,0,,0,4,3,24,8,0,0,0,0,,,2,5.4,5.4,3.9,,186,,FehoSi00
509,Nick Foles,IND,QB,33,3,2,25,42,224,0,4,2,8,4,0,0,0,0,,0,0,0,0,,,2,1.8,5.8,5.8,,73,,FoleNi00
510,Danny Gray,SFO,WR,23,13,0,0,0,0,0,0,1,9,9,0,7,1,10,10,0,0,0,0,,,2,2.9,2.9,2.4,,194,,GrayDa02
511,Troy Hairston,HOU,RB,24,16,5,0,0,0,0,0,0,0,,0,8,5,19,3.8,0,0,0,0,,,2,6.9,6.9,4.4,,144,,HairTr00
512,Penny Hart,SEA,WR,26,9,0,0,0,0,0,0,0,0,,0,4,3,20,6.67,0,0,0,0,,,2,5,5,3.5,,192,,HartPe01
513,Jesper Horsted,LVR,TE,25,15,0,0,0,0,0,0,0,0,,0,4,3,19,6.33,0,0,0,0,,,2,4.9,4.9,3.4,,103,,HorsJe00
514,Dennis Houston,DAL,WR,23,2,0,0,0,0,0,0,0,0,,0,6,2,16,8,0,0,0,0,,,2,3.6,3.6,2.6,,197,,HousDe01
515,Lil'Jordan Humphrey,NWE,WR,24,6,2,0,0,0,0,0,0,0,,0,4,2,20,10,0,0,0,0,,,2,4,4,3,,193,,HumpLi01
516,Andy Isabella,2TM,WR,26,5,0,0,0,0,0,0,1,1,1,0,5,2,21,10.5,0,0,0,0,,,2,4.2,4.2,3.2,,189,,IsabAn00
517,Cade Johnson,SEA,WR,24,3,0,0,0,0,0,0,0,0,,0,4,2,21,10.5,0,0,0,0,,,2,4.1,4.1,3.1,,191,,JohnCa03
518,D'Ernest Johnson,CLE,RB,26,15,0,0,0,0,0,0,4,17,4.25,0,3,3,7,2.33,0,0,0,0,,,2,5.4,5.4,3.9,,141,,JohnDE04
519,Keith Kirkwood,NOR,WR,28,5,1,0,0,0,0,0,0,0,,0,4,2,18,9,0,0,0,0,,,2,3.8,3.8,2.8,,195,,KirkKe00
520,Dezmon Patmon,IND,WR,24,1,0,0,0,0,0,0,0,0,,0,6,2,24,12,0,0,0,0,,,2,4.4,4.4,3.4,,187,,PatmDe00
521,Adam Prentice,NOR,RB,25,11,2,0,0,0,0,0,4,9,2.25,0,3,3,9,3,0,1,0,0,,,2,4.8,4.8,3.3,,147,,PrenAd00
522,Trey Sermon,PHI,RB,23,2,0,0,0,0,0,0,2,19,9.5,0,0,0,0,,0,0,0,0,,,2,1.9,1.9,1.9,,145,,SermTr00
523,Stone Smartt,LAC,TE,24,7,1,0,0,0,0,0,0,0,,0,5,4,17,4.25,0,0,0,0,,,2,5.7,5.7,3.7,,105,,SmarSt00
524,J.J. Taylor,NWE,RB,24,1,0,0,0,0,0,0,10,9,0.9,0,1,1,8,8,0,0,0,0,,,2,2.7,2.7,2.2,,148,,TaylJJ01
525,Cole Turner,WAS,TE,22,10,2,0,0,0,0,0,0,0,,0,9,2,23,11.5,0,0,0,0,,,2,4.3,4.3,3.3,,102,,TurnCo00
526,Maxx Williams,ARI,TE,28,11,1,0,0,0,0,0,0,0,,0,3,3,18,6,0,0,0,0,,,2,4.8,4.8,3.3,,104,,WillMa04
527,Juwann Winfree,GNB,WR,26,3,0,0,0,0,0,0,0,0,,0,4,1,17,17,0,0,0,0,,,2,2.7,2.7,2.2,,196,,WinfJu00
528,Dareke Young,SEA,WR,23,13,0,0,0,0,0,0,0,0,,0,2,2,24,12,0,0,0,0,,,2,4.4,4.4,3.4,,188,,YounDa02
529,Maurice Alexander,DET,WR,25,4,0,0,0,0,0,0,0,0,,0,1,1,7,7,0,0,0,0,,,1,1.7,1.7,1.2,,207,,AlexMa02
530,Brandon Allen,CIN,QB,30,1,0,3,3,22,0,0,3,-1,-0.33,0,0,0,0,,0,0,0,0,,,1,0.8,0.8,0.8,,76,,AlleBr00
531,Stephen Anderson,ARI,TE,29,16,0,0,0,0,0,0,0,0,,0,7,3,9,3,0,0,0,0,,,1,3.9,3.9,2.4,,107,,AndeSt01
532,Devin Asiasi,CIN,TE,25,12,0,0,0,0,0,0,0,0,,0,4,2,5,2.5,0,0,0,0,,,1,2.5,2.5,1.5,,112,,AsiaDe00
533,C.J. Board,TEN,WR,29,4,0,0,0,0,0,0,0,0,,0,1,1,6,6,0,1,0,0,,,1,1.6,1.6,1.1,,209,,BoarC.00
534,Reggie Bonnafon,WAS,RB,26,1,0,0,0,0,0,0,3,8,2.67,0,0,0,0,,0,0,0,0,,,1,0.8,0.8,0.8,,153,,BonnRe00
535,Miles Boykin,PIT,WR,26,16,1,0,0,0,0,0,0,0,,0,3,2,11,5.5,0,0,0,0,,,1,3.1,3.1,2.1,,205,,BoykMi00
536,Jason Cabinda,DET,RB,26,8,2,0,0,0,0,0,1,4,4,0,4,1,5,5,0,0,0,0,,,1,1.9,1.9,1.4,,152,,CabiJa00
537,Jalen Camp,HOU,WR,24,2,0,0,0,0,0,0,0,0,,0,1,1,7,7,0,0,0,0,,,1,1.7,1.7,1.2,,208,,CampJa03
538,Jerome Ford,CLE,RB,23,13,0,0,0,0,0,0,8,12,1.5,0,0,0,0,,0,0,0,0,,,1,1.2,1.2,1.2,,149,,FordJe00
539,Jacob Harris,LAR,TE,25,7,0,0,0,0,0,0,0,0,,0,1,1,6,6,0,0,0,0,,,1,1.6,1.6,1.1,,110,,HarrJa03
540,Kylin Hill,GNB,RB,24,2,0,0,0,0,0,0,1,7,7,0,0,0,0,,0,0,0,0,,,1,0.7,0.7,0.7,,154,,HillKy00
541,Brian Hoyer,NWE,QB,37,1,1,5,6,37,0,0,0,0,,0,0,0,0,,0,0,0,0,,,1,1.5,1.5,1.5,,74,,HoyeBr00
542,Godwin Igwebuike,SEA,RB,28,5,0,0,0,0,0,0,3,4,1.33,0,1,1,3,3,0,0,0,0,,,1,1.7,1.7,1.2,,155,,IgweGo00
543,Jakob Johnson,LVR,RB,28,17,9,0,0,0,0,0,0,0,,0,6,5,10,2,0,0,0,0,,,1,6,6,3.5,,150,,JohnJa12
544,Josh Johnson,SFO,QB,36,2,0,1,2,10,0,0,2,3,1.5,0,0,0,0,,0,0,0,0,,,1,0.7,0.7,0.7,,77,,JohnJo05
545,Tyron Johnson,2TM,WR,26,4,1,0,0,0,0,0,0,0,,0,1,1,8,8,0,0,0,0,,,1,1.8,1.8,1.3,,206,,JohnTy03
546,Sean McKeon,DAL,TE,25,13,0,0,0,0,0,0,0,0,,0,3,2,11,5.5,0,0,0,0,,,1,3.1,3.1,2.1,,106,,McKeSe01
547,Jason Moore,LAC,WR,27,6,0,0,0,0,0,0,0,0,,0,2,1,5,5,0,0,0,0,,,1,1.5,1.5,1,,210,,MoorJa02
548,Devine Ozigbo,DEN,RB,26,4,0,0,0,0,0,0,3,4,1.33,0,1,1,3,3,0,0,0,0,,,1,1.7,1.7,1.2,,156,,OzigDe01
549,Jeremy Ruckert,NYJ,TE,22,9,0,0,0,0,0,0,0,0,,0,2,1,8,8,0,0,0,0,,,1,1.8,1.8,1.3,,108,,RuckJe00
550,Mason Schreck,HOU,TE,29,3,1,0,0,0,0,0,0,0,,0,2,2,6,3,0,0,0,0,,,1,2.6,2.6,1.6,,111,,SchrMa00
551,Keith Smith,ATL,RB,30,17,6,0,0,0,0,0,1,2,2,0,2,1,8,8,0,0,0,0,,,1,2,2,1.5,,151,,SmitKe03
552,Tommy Sweeney,BUF,TE,27,5,0,0,0,0,0,0,0,0,,0,1,1,7,7,0,0,0,0,,,1,1.7,1.7,1.2,,109,,SweeTo00
553,Jalen Tolbert,DAL,WR,23,8,1,0,0,0,0,0,0,0,,0,3,2,12,6,0,0,0,0,,,1,3.2,3.2,2.2,,203,,TolbJa00
554,Austin Trammell,LAR,WR,24,6,0,0,0,0,0,0,0,0,,0,4,2,13,6.5,0,0,0,0,,,1,3.3,3.3,2.3,,202,,TramAu00
555,Kyle Trask,TAM,QB,24,1,0,3,9,23,0,0,0,0,,0,0,0,0,,0,0,0,0,,,1,0.9,0.9,0.9,,75,,TrasKy00
556,Montrell Washington,DEN,WR,23,15,1,0,0,0,0,0,5,30,6,0,9,4,2,0.5,0,5,1,0,,,1,5.2,6.2,3.2,,204,,WashMo00
557,Nsimba Webster,CHI,WR,26,2,0,0,0,0,0,0,0,0,,0,3,2,14,7,0,1,0,0,,,1,3.4,3.4,2.4,,201,,WebsNs00
558,Ty'Son Williams,ARI,RB,26,1,0,0,0,0,0,0,0,0,,0,1,1,5,5,0,0,0,0,,,1,1.5,1.5,1,,157,,WillTy01
559,Josh Ali,ATL,,23,2,0,0,0,0,0,0,0,0,,0,1,0,0,,0,0,0,0,,,,,,,,214,,AlixJo00
560,Chase Allen,CHI,,25,1,0,0,0,0,0,0,0,0,,0,0,0,0,,0,0,0,0,,,,,,,,114,,AlleCh03
561,Nick Bellore,SEA,RB,33,16,0,0,0,0,0,0,1,3,3,0,0,0,0,,0,0,0,0,,,,0.3,0.3,0.3,,160,,BellNi01
562,Trinity Benson,DET,,25,1,0,0,0,0,0,0,0,0,,0,0,0,0,,0,0,0,0,,,,,,,,215,,BensTr00
563,Jared Bernhardt,ATL,,25,2,0,0,0,0,0,0,0,0,,0,0,0,0,,0,0,0,0,,,,,,,,216,,BernJa00
564,Stanley Berryhill,DET,,24,4,0,0,0,0,0,0,0,0,,0,0,0,0,,0,0,0,0,,,,,,,,217,,BerrSt00
565,Khari Blasingame,CHI,,26,16,6,0,0,0,0,0,0,0,,0,1,0,0,,0,0,0,0,,,,,,,,163,,BlasKh00
566,Lynn Bowden Jr.,NWE,,25,1,0,0,0,0,0,0,0,0,,0,0,0,0,,0,0,0,0,,,,,,,,218,,BowdLy00
567,Nick Boyle,BAL,,29,12,0,0,0,0,0,0,0,0,,0,0,0,0,,0,0,0,0,,,,,,,,115,,BoylNi00
568,Brittain Brown,LVR,,25,6,0,0,0,0,0,0,0,0,,0,0,0,0,,0,0,0,0,,,,,,,,164,,BrowBr06
569,Trenton Cannon,TEN,,28,2,0,0,0,0,0,0,0,0,,0,0,0,0,,0,0,0,0,,,,,,,,165,,CannTr00
570,Cethan Carter,MIA,,27,1,0,0,0,0,0,0,0,0,,0,0,0,0,,0,0,0,0,,,,,,,,116,,CartCe00
571,Roger Carter,LAR,,23,1,0,0,0,0,0,0,0,0,,0,0,0,0,,0,0,0,0,,,,,,,,117,,CartRo03
572,Dan Chisena,MIN,,25,2,0,0,0,0,0,0,0,0,,0,0,0,0,,0,0,0,0,,,,,,,,219,,ChisDa00
573,Tanner Conner,MIA,,24,13,0,0,0,0,0,0,0,0,,0,3,0,0,,0,0,0,0,,,,,,,,118,,ConnTa00
574,Keke Coutee,IND,WR,25,8,0,0,0,0,0,0,0,0,,0,1,1,20,20,0,4,1,0,,,,1,2,0.5,,220,,CoutKe00
575,Britain Covey,PHI,,25,17,0,0,0,0,0,0,0,0,,0,0,0,0,,0,2,0,0,,,,,,,,221,,CoveBr00
576,Rico Dowdle,DAL,,24,5,0,0,0,0,0,0,0,0,,0,0,0,0,,0,0,0,0,,,,,,,,166,,DowdRi01
577,Jacob Eason,CAR,QB,25,1,0,3,5,59,0,1,0,0,,0,0,0,0,,0,0,0,0,,,,0.4,1.4,1.4,,78,,EasoJa00
578,Alex Erickson,WAS,,30,2,0,0,0,0,0,0,0,0,,0,0,0,0,,0,0,0,0,,,,,,,,222,,EricAl01
579,Erik Ezukanma,MIA,WR,22,1,0,0,0,0,0,0,0,0,,0,1,1,3,3,0,0,0,0,,,,1.3,1.3,0.8,,211,,EzukEr00
580,Demetric Felton,CLE,RB,24,8,2,0,0,0,0,0,1,-4,-4,0,4,2,8,4,0,1,0,0,,,,2.4,2.4,1.4,,158,,FeltDe00
581,Ethan Fernea,IND,,24,1,0,0,0,0,0,0,0,0,,0,0,0,0,,0,0,0,0,,,,,,,,223,,FernEt00
582,Feleipe Franks,ATL,TE,25,11,1,0,0,0,0,0,1,0,0,0,2,0,0,,0,0,0,0,,,,,,,,119,,FranFe00
583,Jake Funk,2TM,,24,6,0,0,0,0,0,0,0,0,,0,0,0,0,,0,0,0,0,,,,,,,,167,,FunkJa00
584,Kaylon Geiger,TAM,,25,3,0,0,0,0,0,0,0,0,,0,0,0,0,,0,0,0,0,,,,,,,,224,,GeigKa00
585,Tanner Gentry,BUF,,28,3,0,0,0,0,0,0,0,0,,0,1,0,0,,0,0,0,0,,,,,,,,225,,GentTa00
586,Cullen Gillaspia,SEA,,27,6,0,0,0,0,0,0,0,0,,0,0,0,0,,0,0,0,0,,,,,,,,168,,GillCu00
587,Josh Gordon,TEN,,31,2,0,0,0,0,0,0,0,0,,0,1,0,0,,0,0,0,0,,,,,,,,226,,GordJo02
588,Garrett Griffin,DET,,28,1,0,0,0,0,0,0,0,0,,0,0,0,0,,0,0,0,0,,,,,,,,120,,GrifGa00
589,Justin Hardee*,NYJ,,28,17,0,0,0,0,0,0,0,0,,0,0,0,0,,0,0,0,0,,,,,,,,227,,HardJu01
590,Clark Harris,CIN,,38,1,0,0,0,0,0,0,0,0,,0,0,0,0,,0,0,0,0,,,,,,,,121,,HarrCl20
591,Rashard Higgins,CAR,,28,3,0,0,0,0,0,0,0,0,,0,0,0,0,,0,0,0,0,,,,,,,,228,,HiggRa00
592,Jacob Hollister,2TM,,29,5,0,0,0,0,0,0,0,0,,0,0,0,0,,0,0,0,0,,,,,,,,122,,HollJa03
593,J.P. Holtz,NOR,,29,6,2,0,0,0,0,0,0,0,,0,0,0,0,,0,0,0,0,,,,,,,,123,,HoltJ.01
594,Jordan Howard,NOR,RB,28,2,0,0,0,0,0,0,1,1,1,0,0,0,0,,0,0,0,0,,,,0.1,0.1,0.1,,162,,HowaJo00
595,Tyree Jackson,PHI,,25,5,0,0,0,0,0,0,0,0,,0,0,0,0,,0,0,0,0,,,,,,,,124,,JackTy01
596,Jesse James,CLE,,28,2,0,0,0,0,0,0,0,0,,0,0,0,0,,0,0,0,0,,,,,,,,125,,JameJe00
597,Duke Johnson,BUF,RB,29,1,0,0,0,0,0,0,2,4,2,0,0,0,0,,0,0,0,0,,,,0.4,0.4,0.4,,159,,JohnDu00
598,Johnny Johnson,HOU,,23,1,0,0,0,0,0,0,0,0,,0,0,0,0,,0,0,0,0,,,,,,,,229,,JohnJo12
599,Tyler Johnson,HOU,,24,2,0,0,0,0,0,0,0,0,,0,0,0,0,,0,0,0,0,,,,,,,,230,,JohnTy00
600,Nikola Kalinic,IND,,25,7,2,0,0,0,0,0,0,0,,0,0,0,0,,0,0,0,0,,,,,,,,126,,KaliNi00
601,Case Keenum,BUF,QB,34,2,0,2,7,8,0,0,5,0,0,0,0,0,0,,0,0,0,0,,,,0.3,0.3,0.3,,79,,KeenCa00
602,John Kelly,CLE,,26,1,0,0,0,0,0,0,0,0,,0,0,0,0,,0,0,0,0,,,,,,,,169,,KellJo00
603,Marcus Kemp,KAN,,27,3,0,0,0,0,0,0,0,0,,0,0,0,0,,0,0,0,0,,,,,,,,231,,KempMa00
604,Mason Kinsey,TEN,WR,24,2,0,0,0,0,0,0,0,0,,0,1,1,3,3,0,1,0,0,,,,1.3,1.3,0.8,,212,,KinsMa00
605,Lucas Krull,NOR,,24,1,0,0,0,0,0,0,0,0,,0,0,0,0,,0,0,0,0,,,,,,,,127,,KrulLu00
606,Kwamie Lassiter II,CIN,,24,1,0,0,0,0,0,0,0,0,,0,0,0,0,,0,0,0,0,,,,,,,,232,,LassKw00
607,Hunter Long,MIA,,24,9,0,0,0,0,0,0,0,0,,0,0,0,0,,0,0,0,0,,,,,,,,128,,LongHu00
608,Tay Martin,SFO,,25,2,0,0,0,0,0,0,0,0,,0,0,0,0,,0,0,0,0,,,,,,,,233,,MartTa00
609,Lance McCutcheon,LAR,,23,10,1,0,0,0,0,0,0,0,,0,5,0,0,,0,0,0,0,,,,,,,,234,,McCuLa01
610,Kyric McGowan,WAS,,23,2,0,0,0,0,0,0,0,0,,0,0,0,0,,0,0,0,0,,,,,,,,235,,McGoKy00
611,Kirk Merritt,NOR,,25,4,0,0,0,0,0,0,0,0,,0,0,0,0,,0,0,0,0,,,,,,,,236,,MerrKi00
612,Stanley Morgan Jr.,CIN,,26,14,0,0,0,0,0,0,0,0,,0,1,0,0,,0,0,0,0,,,,,,,,237,,MorgSt02
613,Nick Muse,MIN,,24,10,0,0,0,0,0,0,0,0,,0,0,0,0,,0,0,0,0,,,,,,,,129,,MuseNi00
614,Qadree Ollison,DAL,,26,3,0,0,0,0,0,0,0,0,,0,0,0,0,,0,0,0,0,,,,,,,,170,,OlliQa00
615,Matthew Orzech,LAR,,27,17,0,0,0,0,0,0,0,0,,0,0,0,0,,0,0,0,0,,,,,,,,130,,OrzeMa00
616,Cornell Powell,KAN,,25,3,0,0,0,0,0,0,0,0,,0,0,0,0,,0,0,0,0,,,,,,,,238,,PoweCo00
617,D'Vonte Price,IND,,23,1,0,0,0,0,0,0,0,0,,0,0,0,0,,0,0,0,0,,,,,,,,171,,PricDV00
618,Kevin Rader,TEN,,27,14,2,0,0,0,0,0,0,0,,0,0,0,0,,0,0,0,0,,,,,,,,131,,RadeKe00
619,Andre Roberts,CAR,,34,3,0,0,0,0,0,0,0,0,,0,0,0,0,,0,1,0,0,,,,,,,,239,,RobeAn00
620,Richard Rodgers,LAC,TE,30,10,1,0,0,0,0,0,0,0,,0,4,1,4,4,0,0,0,0,,,,1.4,1.4,0.9,,113,,RodgRi00
621,Drew Sample,CIN,TE,26,2,2,0,0,0,0,0,0,0,,0,2,2,-2,-1,0,0,0,0,,,,1.8,1.8,0.8,,136,,SampDr00
622,Braylon Sanders,MIA,WR,23,3,0,0,0,0,0,0,0,0,,0,3,2,17,8.5,0,1,1,0,,,,1.7,2.7,0.7,,251,,SandBr00
623,Matthew Slater,NWE,,37,17,0,0,0,0,0,0,0,0,,0,0,0,0,,0,0,0,0,,,,,,,,240,,SlatMa00
624,Willie Snead,SFO,,30,4,0,0,0,0,0,0,0,0,,0,0,0,0,,0,0,0,0,,,,,,,,241,,SneaWi00
625,Matt Sokol,NWE,,27,3,0,0,0,0,0,0,0,0,,0,0,0,0,,0,0,0,0,,,,,,,,132,,SokoMa00
626,Nate Sudfeld,DET,QB,29,2,0,0,0,0,0,0,5,-4,-0.8,0,0,0,0,,0,0,0,0,,,,-0.4,-0.4,-0.4,,81,,SudfNa00
627,Keir Thomas,LAR,,24,8,0,0,0,0,0,0,0,0,,0,0,0,0,,0,0,0,0,,,,,,,,242,,ThomKe04
628,Noah Togiai,PHI,,25,2,0,0,0,0,0,0,0,0,,0,1,0,0,,0,0,0,0,,,,,,,,133,,TogiNo00
629,Jake Tonges,CHI,,23,4,0,0,0,0,0,0,0,0,,0,1,0,0,,0,0,0,0,,,,,,,,134,,TongJa00
630,Malik Turner,SFO,,26,3,0,0,0,0,0,0,0,0,,0,0,0,0,,0,0,0,0,,,,,,,,243,,TurnMa00
631,Binjimen Victor,BAL,,25,2,0,0,0,0,0,0,0,0,,0,0,0,0,,0,0,0,0,,,,,,,,244,,VictBi01
632,James Washington,DAL,,26,2,0,0,0,0,0,0,0,0,,0,1,0,0,,0,0,0,0,,,,,,,,245,,WashJa00
633,Scotty Washington,NWE,,26,1,0,0,0,0,0,0,0,0,,0,0,0,0,,0,0,0,0,,,,,,,,246,,WashSc00
634,Raleigh Webb,2TM,,25,12,0,0,0,0,0,0,0,0,,0,0,0,0,,0,0,0,0,,,,,,,,247,,WebbRa02
635,Cody White,PIT,WR,24,1,1,0,0,0,0,0,0,0,,0,1,1,2,2,0,0,0,0,,,,1.2,1.2,0.7,,213,,WhitCo05
636,Antonio Williams,NYG,,25,2,0,0,0,0,0,0,0,0,,0,0,0,0,,0,0,0,0,,,,,,,,172,,WillAn03
637,Damien Williams,ATL,RB,30,1,1,0,0,0,0,0,2,2,1,0,0,0,0,,0,0,0,0,,,,0.2,0.2,0.2,,161,,WillDa05
638,Preston Williams,CAR,,25,1,0,0,0,0,0,0,0,0,,0,0,0,0,,0,0,0,0,,,,,,,,248,,WillPr01
639,Javon Wims,ARI,,28,1,0,0,0,0,0,0,0,0,,0,0,0,0,,0,0,0,0,,,,,,,,249,,WimsJa00
640,Charlie Woerner,SFO,,25,17,2,0,0,0,0,0,0,0,,0,2,0,0,,0,0,0,0,,,,,,,,135,,WoerCh00
641,Logan Woodside,ATL,,27,1,0,0,0,0,0,0,0,0,,0,0,0,0,,0,0,0,0,,,,,,,,80,,WoodLo00
642,Brandon Zylstra,DET,,29,2,0,0,0,0,0,0,0,0,,0,0,0,0,,0,0,0,0,,,,,,,,250,,ZylsBr00
643,C.J. Beathard,JAX,QB,29,4,0,7,11,35,0,1,4,-4,-1,0,0,0,0,,0,0,0,0,,,-1,-1,,,,83,,BeatC.00
644,Deonte Harty,NOR,WR,25,4,0,0,0,0,0,0,0,0,,0,2,2,13,6.5,0,1,1,0,,,-1,1.3,2.3,0.3,,253,,HarrDe07
645,Chad Henne,KAN,QB,37,3,0,0,2,0,0,0,5,-5,-1,0,0,0,0,,0,1,0,0,,,-1,-0.5,-0.5,-0.5,,82,,HennCh01
646,Ihmir Smith-Marsette,2TM,WR,23,8,0,0,0,0,0,0,1,-1,-1,0,4,1,15,15,0,1,1,0,,,-1,0.4,1.4,-0.1,,252,,SmitIh00
647,KaVontae Turpin*,DAL,WR,26,17,0,0,0,0,0,0,3,17,5.67,0,2,1,9,9,0,3,2,0,,,-1,-0.4,1.6,-0.9,,254,,TurpKa00
648,Taiwan Jones,BUF,,34,16,0,0,0,0,0,0,0,0,,0,0,0,0,,0,1,1,0,,,-2,-2,-1,-2,,173,,JoneTa00
649,Chester Rogers,CLE,,28,3,0,0,0,0,0,0,0,0,,0,0,0,0,,0,1,1,0,,,-2,-2,-1,-2,,255,,RogeCh02
650,Tim Boyle,CHI,QB,28,1,0,2,8,33,0,2,2,-2,-1,0,0,0,0,,0,0,0,0,,,-3,-2.9,-0.9,-0.9,,84,,BoylTi00